2026-08-05 22:05:28 - Main - INFO - log_session_start:91 - ================================================================================
2026-08-05 22:05:28 - Main - INFO - log_session_start:92 - 新处理会话开始
2026-08-05 22:05:28 - Main - INFO - log_session_start:93 - 日志文件: logs\processing_20260805_220528.log
2026-08-05 22:05:28 - Main - INFO - log_session_start:94 - ================================================================================
2026-08-05 22:05:28 - Main - INFO - main:587 - 多模态数据预处理器启动（重构版）
2026-08-05 22:05:28 - MultimodalPreprocessor - INFO - log_session_start:91 - ================================================================================
2026-08-05 22:05:28 - MultimodalPreprocessor - INFO - log_session_start:92 - 新处理会话开始
2026-08-05 22:05:28 - MultimodalPreprocessor - INFO - log_session_start:93 - 日志文件: logs\processing_20260805_220528.log
2026-08-05 22:05:28 - MultimodalPreprocessor - INFO - log_session_start:94 - ================================================================================
2026-08-05 22:05:28 - MultimodalPreprocessor - INFO - __init__:136 - 开始初始化多模态预处理工具（重构版）
2026-08-05 22:05:28 - MultimodalPreprocessor - INFO - __init__:137 - 使用DeepSeek-VL: False, 使用CLIP: False
2026-08-05 22:05:29 - MultimodalPreprocessor - INFO - __init__:147 - 检测到计算设备: cuda
2026-08-05 22:05:29 - MultimodalPreprocessor - WARNING - __init__:165 - PaddleOCR初始化失败: paddleocr is not installed
2026-08-05 22:05:29 - MultimodalPreprocessor - INFO - __init__:175 - API VLM enabled: qwen/qwen3.7-plus
2026-08-05 22:05:29 - MultimodalPreprocessor - INFO - __init__:232 - 多模态预处理工具初始化完成
2026-08-05 22:05:29 - Main - INFO - main:624 - 处理器初始化完成
2026-08-05 22:05:29 - Main - INFO - main:645 - 找到 4 个待处理文件
2026-08-05 22:05:29 - Main - INFO - main:650 - 开始处理文件 [1/4]: input\w08-1-步进电机驱动器.pdf
2026-08-05 22:05:29 - MultimodalPreprocessor - INFO - process_file:266 - 开始处理文件: input\w08-1-步进电机驱动器.pdf
2026-08-05 22:05:29 - MultimodalPreprocessor - INFO - process_pdf:289 - 开始处理PDF: input\w08-1-步进电机驱动器.pdf
2026-08-05 22:05:29 - MultimodalPreprocessor - INFO - log_info:106 - Start parsing PDF: input\w08-1-步进电机驱动器.pdf
2026-08-05 22:05:29 - MultimodalPreprocessor - INFO - log_info:106 - Parsing page 1/12
2026-08-05 22:05:29 - MultimodalPreprocessor - INFO - log_info:106 - Skip low-quality PDF image: w08-1-步进电机驱动器_p1_img2.png | reason=flat_image | stats={'width': 317.0, 'height': 342.0, 'area': 108414.0, 'mean': 0.0, 'std': 0.0, 'black_ratio': 1.0, 'white_ratio': 0.0, 'mid_ratio': 0.0, 'edge_score': 0.0}
2026-08-05 22:05:29 - MultimodalPreprocessor - INFO - log_info:106 - Skip low-quality PDF image: w08-1-步进电机驱动器_p1_img3.png | reason=too_small | stats={'width': 22.0, 'height': 38.0, 'area': 836.0, 'mean': 0.0, 'std': 0.0, 'black_ratio': 1.0, 'white_ratio': 0.0, 'mid_ratio': 0.0, 'edge_score': 0.0}
2026-08-05 22:05:29 - MultimodalPreprocessor - INFO - log_info:106 - Skip low-quality PDF image: w08-1-步进电机驱动器_p1_img4.png | reason=too_small | stats={'width': 53.0, 'height': 58.0, 'area': 3074.0, 'mean': 0.0, 'std': 0.0, 'black_ratio': 1.0, 'white_ratio': 0.0, 'mid_ratio': 0.0, 'edge_score': 0.0}
2026-08-05 22:05:29 - MultimodalPreprocessor - INFO - log_info:106 - Skip low-quality PDF image: w08-1-步进电机驱动器_p1_img5.png | reason=too_small | stats={'width': 54.0, 'height': 82.0, 'area': 4428.0, 'mean': 0.0, 'std': 0.0, 'black_ratio': 1.0, 'white_ratio': 0.0, 'mid_ratio': 0.0, 'edge_score': 0.0}
2026-08-05 22:05:29 - MultimodalPreprocessor - INFO - log_info:106 - Skip low-quality PDF image: w08-1-步进电机驱动器_p1_img6.png | reason=too_small | stats={'width': 22.0, 'height': 23.0, 'area': 506.0, 'mean': 0.0, 'std': 0.0, 'black_ratio': 1.0, 'white_ratio': 0.0, 'mid_ratio': 0.0, 'edge_score': 0.0}
2026-08-05 22:05:29 - MultimodalPreprocessor - INFO - log_info:106 - Skip low-quality PDF image: w08-1-步进电机驱动器_p1_img7.png | reason=too_small | stats={'width': 31.0, 'height': 31.0, 'area': 961.0, 'mean': 0.0, 'std': 0.0, 'black_ratio': 1.0, 'white_ratio': 0.0, 'mid_ratio': 0.0, 'edge_score': 0.0}
2026-08-05 22:05:29 - MultimodalPreprocessor - INFO - log_info:106 - Skip low-quality PDF image: w08-1-步进电机驱动器_p1_img8.png | reason=too_small | stats={'width': 30.0, 'height': 31.0, 'area': 930.0, 'mean': 0.0, 'std': 0.0, 'black_ratio': 1.0, 'white_ratio': 0.0, 'mid_ratio': 0.0, 'edge_score': 0.0}
2026-08-05 22:05:29 - MultimodalPreprocessor - INFO - log_info:106 - Skip low-quality PDF image: w08-1-步进电机驱动器_p1_img9.png | reason=too_small | stats={'width': 28.0, 'height': 31.0, 'area': 868.0, 'mean': 0.0, 'std': 0.0, 'black_ratio': 1.0, 'white_ratio': 0.0, 'mid_ratio': 0.0, 'edge_score': 0.0}
2026-08-05 22:05:29 - MultimodalPreprocessor - INFO - log_info:106 - Skip low-quality PDF image: w08-1-步进电机驱动器_p1_img10.png | reason=too_small | stats={'width': 30.0, 'height': 33.0, 'area': 990.0, 'mean': 0.0, 'std': 0.0, 'black_ratio': 1.0, 'white_ratio': 0.0, 'mid_ratio': 0.0, 'edge_score': 0.0}
2026-08-05 22:05:29 - MultimodalPreprocessor - INFO - log_info:106 - Skip low-quality PDF image: w08-1-步进电机驱动器_p1_img11.png | reason=too_small | stats={'width': 31.0, 'height': 31.0, 'area': 961.0, 'mean': 0.0, 'std': 0.0, 'black_ratio': 1.0, 'white_ratio': 0.0, 'mid_ratio': 0.0, 'edge_score': 0.0}
2026-08-05 22:05:29 - MultimodalPreprocessor - INFO - log_info:106 - Skip low-quality PDF image: w08-1-步进电机驱动器_p1_img12.png | reason=flat_image | stats={'width': 317.0, 'height': 342.0, 'area': 108414.0, 'mean': 0.0, 'std': 0.0, 'black_ratio': 1.0, 'white_ratio': 0.0, 'mid_ratio': 0.0, 'edge_score': 0.0}
2026-08-05 22:05:29 - MultimodalPreprocessor - INFO - log_info:106 - Skip low-quality PDF image: w08-1-步进电机驱动器_p1_img13.png | reason=too_small | stats={'width': 25.0, 'height': 196.0, 'area': 4900.0, 'mean': 0.0, 'std': 0.0, 'black_ratio': 1.0, 'white_ratio': 0.0, 'mid_ratio': 0.0, 'edge_score': 0.0}
2026-08-05 22:05:29 - MultimodalPreprocessor - INFO - log_info:106 - Skip low-quality PDF image: w08-1-步进电机驱动器_p1_img14.png | reason=flat_image | stats={'width': 101.0, 'height': 150.0, 'area': 15150.0, 'mean': 0.0, 'std': 0.0, 'black_ratio': 1.0, 'white_ratio': 0.0, 'mid_ratio': 0.0, 'edge_score': 0.0}
2026-08-05 22:05:29 - MultimodalPreprocessor - INFO - log_info:106 - Skip low-quality PDF image: w08-1-步进电机驱动器_p1_img15.png | reason=too_small | stats={'width': 80.0, 'height': 60.0, 'area': 4800.0, 'mean': 0.0, 'std': 0.0, 'black_ratio': 1.0, 'white_ratio': 0.0, 'mid_ratio': 0.0, 'edge_score': 0.0}
2026-08-05 22:05:29 - MultimodalPreprocessor - INFO - log_info:106 - Skip low-quality PDF image: w08-1-步进电机驱动器_p1_img16.png | reason=too_small | stats={'width': 47.0, 'height': 47.0, 'area': 2209.0, 'mean': 0.0, 'std': 0.0, 'black_ratio': 1.0, 'white_ratio': 0.0, 'mid_ratio': 0.0, 'edge_score': 0.0}
2026-08-05 22:05:29 - MultimodalPreprocessor - INFO - log_info:106 - Skip low-quality PDF image: w08-1-步进电机驱动器_p1_img17.png | reason=flat_image | stats={'width': 268.0, 'height': 150.0, 'area': 40200.0, 'mean': 0.0, 'std': 0.0, 'black_ratio': 1.0, 'white_ratio': 0.0, 'mid_ratio': 0.0, 'edge_score': 0.0}
2026-08-05 22:05:29 - MultimodalPreprocessor - INFO - log_info:106 - Skip low-quality PDF image: w08-1-步进电机驱动器_p1_img18.png | reason=flat_image | stats={'width': 260.0, 'height': 86.0, 'area': 22360.0, 'mean': 0.0, 'std': 0.0, 'black_ratio': 1.0, 'white_ratio': 0.0, 'mid_ratio': 0.0, 'edge_score': 0.0}
2026-08-05 22:05:29 - MultimodalPreprocessor - INFO - log_info:106 - Skip low-quality PDF image: w08-1-步进电机驱动器_p1_img19.png | reason=too_small | stats={'width': 85.0, 'height': 62.0, 'area': 5270.0, 'mean': 0.0, 'std': 0.0, 'black_ratio': 1.0, 'white_ratio': 0.0, 'mid_ratio': 0.0, 'edge_score': 0.0}
2026-08-05 22:05:29 - MultimodalPreprocessor - INFO - log_info:106 - Skip low-quality PDF image: w08-1-步进电机驱动器_p1_img20.png | reason=too_small | stats={'width': 19.0, 'height': 62.0, 'area': 1178.0, 'mean': 0.0, 'std': 0.0, 'black_ratio': 1.0, 'white_ratio': 0.0, 'mid_ratio': 0.0, 'edge_score': 0.0}
2026-08-05 22:05:29 - MultimodalPreprocessor - INFO - log_info:106 - Skip low-quality PDF image: w08-1-步进电机驱动器_p1_img21.png | reason=too_small | stats={'width': 240.0, 'height': 51.0, 'area': 12240.0, 'mean': 0.0, 'std': 0.0, 'black_ratio': 1.0, 'white_ratio': 0.0, 'mid_ratio': 0.0, 'edge_score': 0.0}
2026-08-05 22:05:29 - MultimodalPreprocessor - INFO - log_info:106 - Skip low-quality PDF image: w08-1-步进电机驱动器_p1_img22.png | reason=too_small | stats={'width': 201.0, 'height': 50.0, 'area': 10050.0, 'mean': 0.0, 'std': 0.0, 'black_ratio': 1.0, 'white_ratio': 0.0, 'mid_ratio': 0.0, 'edge_score': 0.0}
2026-08-05 22:05:29 - MultimodalPreprocessor - INFO - log_info:106 - Skip low-quality PDF image: w08-1-步进电机驱动器_p1_img23.png | reason=too_small | stats={'width': 44.0, 'height': 46.0, 'area': 2024.0, 'mean': 0.0, 'std': 0.0, 'black_ratio': 1.0, 'white_ratio': 0.0, 'mid_ratio': 0.0, 'edge_score': 0.0}
2026-08-05 22:05:29 - MultimodalPreprocessor - INFO - log_info:106 - Skip low-quality PDF image: w08-1-步进电机驱动器_p1_img24.png | reason=too_small | stats={'width': 41.0, 'height': 200.0, 'area': 8200.0, 'mean': 0.0, 'std': 0.0, 'black_ratio': 1.0, 'white_ratio': 0.0, 'mid_ratio': 0.0, 'edge_score': 0.0}
2026-08-05 22:05:29 - MultimodalPreprocessor - INFO - log_info:106 - Skip low-quality PDF image: w08-1-步进电机驱动器_p1_img25.png | reason=too_small | stats={'width': 26.0, 'height': 45.0, 'area': 1170.0, 'mean': 0.0, 'std': 0.0, 'black_ratio': 1.0, 'white_ratio': 0.0, 'mid_ratio': 0.0, 'edge_score': 0.0}
2026-08-05 22:05:29 - MultimodalPreprocessor - INFO - log_info:106 - Skip low-quality PDF image: w08-1-步进电机驱动器_p1_img26.png | reason=too_small | stats={'width': 30.0, 'height': 33.0, 'area': 990.0, 'mean': 0.0, 'std': 0.0, 'black_ratio': 1.0, 'white_ratio': 0.0, 'mid_ratio': 0.0, 'edge_score': 0.0}
2026-08-05 22:05:29 - MultimodalPreprocessor - INFO - log_info:106 - Skip low-quality PDF image: w08-1-步进电机驱动器_p1_img27.png | reason=too_small | stats={'width': 54.0, 'height': 82.0, 'area': 4428.0, 'mean': 0.0, 'std': 0.0, 'black_ratio': 1.0, 'white_ratio': 0.0, 'mid_ratio': 0.0, 'edge_score': 0.0}
2026-08-05 22:05:29 - MultimodalPreprocessor - INFO - log_info:106 - Skip low-quality PDF image: w08-1-步进电机驱动器_p1_img28.png | reason=too_small | stats={'width': 53.0, 'height': 58.0, 'area': 3074.0, 'mean': 0.0, 'std': 0.0, 'black_ratio': 1.0, 'white_ratio': 0.0, 'mid_ratio': 0.0, 'edge_score': 0.0}
2026-08-05 22:05:29 - MultimodalPreprocessor - INFO - log_info:106 - Skip low-quality PDF image: w08-1-步进电机驱动器_p1_img29.png | reason=too_small | stats={'width': 41.0, 'height': 44.0, 'area': 1804.0, 'mean': 0.0, 'std': 0.0, 'black_ratio': 1.0, 'white_ratio': 0.0, 'mid_ratio': 0.0, 'edge_score': 0.0}
2026-08-05 22:05:29 - MultimodalPreprocessor - INFO - log_info:106 - Skip low-quality PDF image: w08-1-步进电机驱动器_p1_img30.png | reason=too_small | stats={'width': 47.0, 'height': 73.0, 'area': 3431.0, 'mean': 0.0, 'std': 0.0, 'black_ratio': 1.0, 'white_ratio': 0.0, 'mid_ratio': 0.0, 'edge_score': 0.0}
2026-08-05 22:05:29 - MultimodalPreprocessor - INFO - log_info:106 - Skip low-quality PDF image: w08-1-步进电机驱动器_p1_img31.png | reason=too_small | stats={'width': 30.0, 'height': 71.0, 'area': 2130.0, 'mean': 0.0, 'std': 0.0, 'black_ratio': 1.0, 'white_ratio': 0.0, 'mid_ratio': 0.0, 'edge_score': 0.0}
2026-08-05 22:05:29 - MultimodalPreprocessor - INFO - log_info:106 - Skip low-quality PDF image: w08-1-步进电机驱动器_p1_img32.png | reason=too_small | stats={'width': 107.0, 'height': 77.0, 'area': 8239.0, 'mean': 0.0, 'std': 0.0, 'black_ratio': 1.0, 'white_ratio': 0.0, 'mid_ratio': 0.0, 'edge_score': 0.0}
2026-08-05 22:05:29 - MultimodalPreprocessor - INFO - log_info:106 - Skip low-quality PDF image: w08-1-步进电机驱动器_p1_img33.png | reason=too_small | stats={'width': 27.0, 'height': 29.0, 'area': 783.0, 'mean': 0.0, 'std': 0.0, 'black_ratio': 1.0, 'white_ratio': 0.0, 'mid_ratio': 0.0, 'edge_score': 0.0}
2026-08-05 22:05:29 - MultimodalPreprocessor - INFO - log_info:106 - Skip low-quality PDF image: w08-1-步进电机驱动器_p1_img34.png | reason=too_small | stats={'width': 29.0, 'height': 31.0, 'area': 899.0, 'mean': 0.0, 'std': 0.0, 'black_ratio': 1.0, 'white_ratio': 0.0, 'mid_ratio': 0.0, 'edge_score': 0.0}
2026-08-05 22:05:29 - MultimodalPreprocessor - INFO - log_info:106 - Skip low-quality PDF image: w08-1-步进电机驱动器_p1_img35.png | reason=too_small | stats={'width': 38.0, 'height': 26.0, 'area': 988.0, 'mean': 0.0, 'std': 0.0, 'black_ratio': 1.0, 'white_ratio': 0.0, 'mid_ratio': 0.0, 'edge_score': 0.0}
2026-08-05 22:05:29 - MultimodalPreprocessor - INFO - log_info:106 - Skip low-quality PDF image: w08-1-步进电机驱动器_p1_img36.png | reason=too_small | stats={'width': 22.0, 'height': 38.0, 'area': 836.0, 'mean': 0.0, 'std': 0.0, 'black_ratio': 1.0, 'white_ratio': 0.0, 'mid_ratio': 0.0, 'edge_score': 0.0}
2026-08-05 22:05:29 - MultimodalPreprocessor - INFO - log_info:106 - Skip low-quality PDF image: w08-1-步进电机驱动器_p1_img37.png | reason=too_small | stats={'width': 22.0, 'height': 39.0, 'area': 858.0, 'mean': 0.0, 'std': 0.0, 'black_ratio': 1.0, 'white_ratio': 0.0, 'mid_ratio': 0.0, 'edge_score': 0.0}
2026-08-05 22:05:29 - MultimodalPreprocessor - INFO - log_info:106 - Parsing page 2/12
2026-08-05 22:05:29 - MultimodalPreprocessor - INFO - log_info:106 - Parsing page 3/12
2026-08-05 22:05:30 - MultimodalPreprocessor - INFO - log_info:106 - Parsing page 4/12
2026-08-05 22:05:30 - MultimodalPreprocessor - INFO - log_info:106 - Parsing page 5/12
2026-08-05 22:05:30 - MultimodalPreprocessor - INFO - log_info:106 - Parsing page 6/12
2026-08-05 22:05:30 - MultimodalPreprocessor - INFO - log_info:106 - Parsing page 7/12
2026-08-05 22:05:30 - MultimodalPreprocessor - INFO - log_info:106 - Parsing page 8/12
2026-08-05 22:05:30 - MultimodalPreprocessor - INFO - log_info:106 - Skip low-quality PDF image: w08-1-步进电机驱动器_p8_img4.png | reason=too_small | stats={'width': 21.0, 'height': 34.0, 'area': 714.0, 'mean': 240.0, 'std': 0.0, 'black_ratio': 0.0, 'white_ratio': 0.0, 'mid_ratio': 1.0, 'edge_score': 0.0}
2026-08-05 22:05:30 - MultimodalPreprocessor - INFO - log_info:106 - Parsing page 9/12
2026-08-05 22:05:30 - MultimodalPreprocessor - INFO - log_info:106 - Parsing page 10/12
2026-08-05 22:05:30 - MultimodalPreprocessor - INFO - log_info:106 - Parsing page 11/12
2026-08-05 22:05:30 - MultimodalPreprocessor - INFO - log_info:106 - Parsing page 12/12
2026-08-05 22:05:30 - MultimodalPreprocessor - INFO - log_info:106 - Skip low-quality PDF image: w08-1-步进电机驱动器_p12_img2.png | reason=flat_image | stats={'width': 317.0, 'height': 342.0, 'area': 108414.0, 'mean': 0.0, 'std': 0.0, 'black_ratio': 1.0, 'white_ratio': 0.0, 'mid_ratio': 0.0, 'edge_score': 0.0}
2026-08-05 22:05:30 - MultimodalPreprocessor - INFO - log_info:106 - Skip low-quality PDF image: w08-1-步进电机驱动器_p12_img3.png | reason=too_small | stats={'width': 22.0, 'height': 38.0, 'area': 836.0, 'mean': 0.0, 'std': 0.0, 'black_ratio': 1.0, 'white_ratio': 0.0, 'mid_ratio': 0.0, 'edge_score': 0.0}
2026-08-05 22:05:30 - MultimodalPreprocessor - INFO - log_info:106 - Skip low-quality PDF image: w08-1-步进电机驱动器_p12_img4.png | reason=too_small | stats={'width': 53.0, 'height': 58.0, 'area': 3074.0, 'mean': 0.0, 'std': 0.0, 'black_ratio': 1.0, 'white_ratio': 0.0, 'mid_ratio': 0.0, 'edge_score': 0.0}
2026-08-05 22:05:30 - MultimodalPreprocessor - INFO - log_info:106 - Skip low-quality PDF image: w08-1-步进电机驱动器_p12_img5.png | reason=too_small | stats={'width': 54.0, 'height': 82.0, 'area': 4428.0, 'mean': 0.0, 'std': 0.0, 'black_ratio': 1.0, 'white_ratio': 0.0, 'mid_ratio': 0.0, 'edge_score': 0.0}
2026-08-05 22:05:30 - MultimodalPreprocessor - INFO - log_info:106 - Skip low-quality PDF image: w08-1-步进电机驱动器_p12_img6.png | reason=too_small | stats={'width': 22.0, 'height': 23.0, 'area': 506.0, 'mean': 0.0, 'std': 0.0, 'black_ratio': 1.0, 'white_ratio': 0.0, 'mid_ratio': 0.0, 'edge_score': 0.0}
2026-08-05 22:05:30 - MultimodalPreprocessor - INFO - log_info:106 - Skip low-quality PDF image: w08-1-步进电机驱动器_p12_img7.png | reason=too_small | stats={'width': 31.0, 'height': 31.0, 'area': 961.0, 'mean': 0.0, 'std': 0.0, 'black_ratio': 1.0, 'white_ratio': 0.0, 'mid_ratio': 0.0, 'edge_score': 0.0}
2026-08-05 22:05:30 - MultimodalPreprocessor - INFO - log_info:106 - Skip low-quality PDF image: w08-1-步进电机驱动器_p12_img8.png | reason=too_small | stats={'width': 30.0, 'height': 31.0, 'area': 930.0, 'mean': 0.0, 'std': 0.0, 'black_ratio': 1.0, 'white_ratio': 0.0, 'mid_ratio': 0.0, 'edge_score': 0.0}
2026-08-05 22:05:30 - MultimodalPreprocessor - INFO - log_info:106 - Skip low-quality PDF image: w08-1-步进电机驱动器_p12_img9.png | reason=too_small | stats={'width': 28.0, 'height': 31.0, 'area': 868.0, 'mean': 0.0, 'std': 0.0, 'black_ratio': 1.0, 'white_ratio': 0.0, 'mid_ratio': 0.0, 'edge_score': 0.0}
2026-08-05 22:05:30 - MultimodalPreprocessor - INFO - log_info:106 - Skip low-quality PDF image: w08-1-步进电机驱动器_p12_img10.png | reason=too_small | stats={'width': 30.0, 'height': 33.0, 'area': 990.0, 'mean': 0.0, 'std': 0.0, 'black_ratio': 1.0, 'white_ratio': 0.0, 'mid_ratio': 0.0, 'edge_score': 0.0}
2026-08-05 22:05:30 - MultimodalPreprocessor - INFO - log_info:106 - Skip low-quality PDF image: w08-1-步进电机驱动器_p12_img11.png | reason=too_small | stats={'width': 31.0, 'height': 31.0, 'area': 961.0, 'mean': 0.0, 'std': 0.0, 'black_ratio': 1.0, 'white_ratio': 0.0, 'mid_ratio': 0.0, 'edge_score': 0.0}
2026-08-05 22:05:30 - MultimodalPreprocessor - INFO - log_info:106 - Skip low-quality PDF image: w08-1-步进电机驱动器_p12_img12.png | reason=flat_image | stats={'width': 317.0, 'height': 342.0, 'area': 108414.0, 'mean': 0.0, 'std': 0.0, 'black_ratio': 1.0, 'white_ratio': 0.0, 'mid_ratio': 0.0, 'edge_score': 0.0}
2026-08-05 22:05:30 - MultimodalPreprocessor - INFO - log_info:106 - Skip low-quality PDF image: w08-1-步进电机驱动器_p12_img13.png | reason=too_small | stats={'width': 25.0, 'height': 196.0, 'area': 4900.0, 'mean': 0.0, 'std': 0.0, 'black_ratio': 1.0, 'white_ratio': 0.0, 'mid_ratio': 0.0, 'edge_score': 0.0}
2026-08-05 22:05:30 - MultimodalPreprocessor - INFO - log_info:106 - Skip low-quality PDF image: w08-1-步进电机驱动器_p12_img14.png | reason=flat_image | stats={'width': 101.0, 'height': 150.0, 'area': 15150.0, 'mean': 0.0, 'std': 0.0, 'black_ratio': 1.0, 'white_ratio': 0.0, 'mid_ratio': 0.0, 'edge_score': 0.0}
2026-08-05 22:05:30 - MultimodalPreprocessor - INFO - log_info:106 - Skip low-quality PDF image: w08-1-步进电机驱动器_p12_img15.png | reason=too_small | stats={'width': 80.0, 'height': 60.0, 'area': 4800.0, 'mean': 0.0, 'std': 0.0, 'black_ratio': 1.0, 'white_ratio': 0.0, 'mid_ratio': 0.0, 'edge_score': 0.0}
2026-08-05 22:05:30 - MultimodalPreprocessor - INFO - log_info:106 - Skip low-quality PDF image: w08-1-步进电机驱动器_p12_img16.png | reason=too_small | stats={'width': 47.0, 'height': 47.0, 'area': 2209.0, 'mean': 0.0, 'std': 0.0, 'black_ratio': 1.0, 'white_ratio': 0.0, 'mid_ratio': 0.0, 'edge_score': 0.0}
2026-08-05 22:05:30 - MultimodalPreprocessor - INFO - log_info:106 - Skip low-quality PDF image: w08-1-步进电机驱动器_p12_img17.png | reason=flat_image | stats={'width': 268.0, 'height': 150.0, 'area': 40200.0, 'mean': 0.0, 'std': 0.0, 'black_ratio': 1.0, 'white_ratio': 0.0, 'mid_ratio': 0.0, 'edge_score': 0.0}
2026-08-05 22:05:30 - MultimodalPreprocessor - INFO - log_info:106 - Skip low-quality PDF image: w08-1-步进电机驱动器_p12_img18.png | reason=flat_image | stats={'width': 260.0, 'height': 86.0, 'area': 22360.0, 'mean': 0.0, 'std': 0.0, 'black_ratio': 1.0, 'white_ratio': 0.0, 'mid_ratio': 0.0, 'edge_score': 0.0}
2026-08-05 22:05:30 - MultimodalPreprocessor - INFO - log_info:106 - Skip low-quality PDF image: w08-1-步进电机驱动器_p12_img19.png | reason=too_small | stats={'width': 85.0, 'height': 62.0, 'area': 5270.0, 'mean': 0.0, 'std': 0.0, 'black_ratio': 1.0, 'white_ratio': 0.0, 'mid_ratio': 0.0, 'edge_score': 0.0}
2026-08-05 22:05:30 - MultimodalPreprocessor - INFO - log_info:106 - Skip low-quality PDF image: w08-1-步进电机驱动器_p12_img20.png | reason=too_small | stats={'width': 19.0, 'height': 62.0, 'area': 1178.0, 'mean': 0.0, 'std': 0.0, 'black_ratio': 1.0, 'white_ratio': 0.0, 'mid_ratio': 0.0, 'edge_score': 0.0}
2026-08-05 22:05:30 - MultimodalPreprocessor - INFO - log_info:106 - Skip low-quality PDF image: w08-1-步进电机驱动器_p12_img21.png | reason=too_small | stats={'width': 240.0, 'height': 51.0, 'area': 12240.0, 'mean': 0.0, 'std': 0.0, 'black_ratio': 1.0, 'white_ratio': 0.0, 'mid_ratio': 0.0, 'edge_score': 0.0}
2026-08-05 22:05:30 - MultimodalPreprocessor - INFO - log_info:106 - Skip low-quality PDF image: w08-1-步进电机驱动器_p12_img22.png | reason=too_small | stats={'width': 201.0, 'height': 50.0, 'area': 10050.0, 'mean': 0.0, 'std': 0.0, 'black_ratio': 1.0, 'white_ratio': 0.0, 'mid_ratio': 0.0, 'edge_score': 0.0}
2026-08-05 22:05:30 - MultimodalPreprocessor - INFO - log_info:106 - Skip low-quality PDF image: w08-1-步进电机驱动器_p12_img23.png | reason=too_small | stats={'width': 44.0, 'height': 46.0, 'area': 2024.0, 'mean': 0.0, 'std': 0.0, 'black_ratio': 1.0, 'white_ratio': 0.0, 'mid_ratio': 0.0, 'edge_score': 0.0}
2026-08-05 22:05:30 - MultimodalPreprocessor - INFO - log_info:106 - Skip low-quality PDF image: w08-1-步进电机驱动器_p12_img24.png | reason=too_small | stats={'width': 41.0, 'height': 200.0, 'area': 8200.0, 'mean': 0.0, 'std': 0.0, 'black_ratio': 1.0, 'white_ratio': 0.0, 'mid_ratio': 0.0, 'edge_score': 0.0}
2026-08-05 22:05:30 - MultimodalPreprocessor - INFO - log_info:106 - Skip low-quality PDF image: w08-1-步进电机驱动器_p12_img25.png | reason=too_small | stats={'width': 26.0, 'height': 45.0, 'area': 1170.0, 'mean': 0.0, 'std': 0.0, 'black_ratio': 1.0, 'white_ratio': 0.0, 'mid_ratio': 0.0, 'edge_score': 0.0}
2026-08-05 22:05:30 - MultimodalPreprocessor - INFO - log_info:106 - Skip low-quality PDF image: w08-1-步进电机驱动器_p12_img26.png | reason=too_small | stats={'width': 30.0, 'height': 33.0, 'area': 990.0, 'mean': 0.0, 'std': 0.0, 'black_ratio': 1.0, 'white_ratio': 0.0, 'mid_ratio': 0.0, 'edge_score': 0.0}
2026-08-05 22:05:30 - MultimodalPreprocessor - INFO - log_info:106 - Skip low-quality PDF image: w08-1-步进电机驱动器_p12_img27.png | reason=too_small | stats={'width': 54.0, 'height': 82.0, 'area': 4428.0, 'mean': 0.0, 'std': 0.0, 'black_ratio': 1.0, 'white_ratio': 0.0, 'mid_ratio': 0.0, 'edge_score': 0.0}
2026-08-05 22:05:30 - MultimodalPreprocessor - INFO - log_info:106 - Skip low-quality PDF image: w08-1-步进电机驱动器_p12_img28.png | reason=too_small | stats={'width': 53.0, 'height': 58.0, 'area': 3074.0, 'mean': 0.0, 'std': 0.0, 'black_ratio': 1.0, 'white_ratio': 0.0, 'mid_ratio': 0.0, 'edge_score': 0.0}
2026-08-05 22:05:30 - MultimodalPreprocessor - INFO - log_info:106 - Skip low-quality PDF image: w08-1-步进电机驱动器_p12_img29.png | reason=too_small | stats={'width': 41.0, 'height': 44.0, 'area': 1804.0, 'mean': 0.0, 'std': 0.0, 'black_ratio': 1.0, 'white_ratio': 0.0, 'mid_ratio': 0.0, 'edge_score': 0.0}
2026-08-05 22:05:30 - MultimodalPreprocessor - INFO - log_info:106 - Skip low-quality PDF image: w08-1-步进电机驱动器_p12_img30.png | reason=too_small | stats={'width': 47.0, 'height': 73.0, 'area': 3431.0, 'mean': 0.0, 'std': 0.0, 'black_ratio': 1.0, 'white_ratio': 0.0, 'mid_ratio': 0.0, 'edge_score': 0.0}
2026-08-05 22:05:30 - MultimodalPreprocessor - INFO - log_info:106 - Skip low-quality PDF image: w08-1-步进电机驱动器_p12_img31.png | reason=too_small | stats={'width': 30.0, 'height': 71.0, 'area': 2130.0, 'mean': 0.0, 'std': 0.0, 'black_ratio': 1.0, 'white_ratio': 0.0, 'mid_ratio': 0.0, 'edge_score': 0.0}
2026-08-05 22:05:30 - MultimodalPreprocessor - INFO - log_info:106 - Skip low-quality PDF image: w08-1-步进电机驱动器_p12_img32.png | reason=too_small | stats={'width': 107.0, 'height': 77.0, 'area': 8239.0, 'mean': 0.0, 'std': 0.0, 'black_ratio': 1.0, 'white_ratio': 0.0, 'mid_ratio': 0.0, 'edge_score': 0.0}
2026-08-05 22:05:30 - MultimodalPreprocessor - INFO - log_info:106 - Skip low-quality PDF image: w08-1-步进电机驱动器_p12_img33.png | reason=too_small | stats={'width': 27.0, 'height': 29.0, 'area': 783.0, 'mean': 0.0, 'std': 0.0, 'black_ratio': 1.0, 'white_ratio': 0.0, 'mid_ratio': 0.0, 'edge_score': 0.0}
2026-08-05 22:05:30 - MultimodalPreprocessor - INFO - log_info:106 - Skip low-quality PDF image: w08-1-步进电机驱动器_p12_img34.png | reason=too_small | stats={'width': 29.0, 'height': 31.0, 'area': 899.0, 'mean': 0.0, 'std': 0.0, 'black_ratio': 1.0, 'white_ratio': 0.0, 'mid_ratio': 0.0, 'edge_score': 0.0}
2026-08-05 22:05:30 - MultimodalPreprocessor - INFO - log_info:106 - Skip low-quality PDF image: w08-1-步进电机驱动器_p12_img35.png | reason=too_small | stats={'width': 38.0, 'height': 26.0, 'area': 988.0, 'mean': 0.0, 'std': 0.0, 'black_ratio': 1.0, 'white_ratio': 0.0, 'mid_ratio': 0.0, 'edge_score': 0.0}
2026-08-05 22:05:30 - MultimodalPreprocessor - INFO - log_info:106 - Skip low-quality PDF image: w08-1-步进电机驱动器_p12_img36.png | reason=too_small | stats={'width': 22.0, 'height': 38.0, 'area': 836.0, 'mean': 0.0, 'std': 0.0, 'black_ratio': 1.0, 'white_ratio': 0.0, 'mid_ratio': 0.0, 'edge_score': 0.0}
2026-08-05 22:05:30 - MultimodalPreprocessor - INFO - log_info:106 - Skip low-quality PDF image: w08-1-步进电机驱动器_p12_img37.png | reason=too_small | stats={'width': 22.0, 'height': 39.0, 'area': 858.0, 'mean': 0.0, 'std': 0.0, 'black_ratio': 1.0, 'white_ratio': 0.0, 'mid_ratio': 0.0, 'edge_score': 0.0}
2026-08-05 22:05:30 - MultimodalPreprocessor - INFO - log_info:106 - Skip repeated PDF logo/watermark: w08-1-步进电机驱动器_p1_img1.png | signature=raster:152x156:6055:07e01b3826fc74be719ebffffff7fff5af75cf75d9e301204d3232d416d807e0
2026-08-05 22:05:30 - MultimodalPreprocessor - INFO - log_info:106 - Skip repeated PDF logo/watermark: w08-1-步进电机驱动器_p2_img1.png | signature=raster:152x156:6055:07e01b3826fc74be719ebffffff7fff5af75cf75d9e301204d3232d416d807e0
2026-08-05 22:05:30 - MultimodalPreprocessor - INFO - log_info:106 - Skip repeated PDF logo/watermark: w08-1-步进电机驱动器_p3_img1.png | signature=raster:152x156:6055:07e01b3826fc74be719ebffffff7fff5af75cf75d9e301204d3232d416d807e0
2026-08-05 22:05:30 - MultimodalPreprocessor - INFO - log_info:106 - Skip repeated PDF logo/watermark: w08-1-步进电机驱动器_p4_img1.png | signature=raster:152x156:6055:07e01b3826fc74be719ebffffff7fff5af75cf75d9e301204d3232d416d807e0
2026-08-05 22:05:30 - MultimodalPreprocessor - INFO - log_info:106 - Skip repeated PDF logo/watermark: w08-1-步进电机驱动器_p5_img1.png | signature=raster:152x156:6055:07e01b3826fc74be719ebffffff7fff5af75cf75d9e301204d3232d416d807e0
2026-08-05 22:05:30 - MultimodalPreprocessor - INFO - log_info:106 - Skip repeated PDF logo/watermark: w08-1-步进电机驱动器_p6_img1.png | signature=raster:152x156:6055:07e01b3826fc74be719ebffffff7fff5af75cf75d9e301204d3232d416d807e0
2026-08-05 22:05:30 - MultimodalPreprocessor - INFO - log_info:106 - Skip repeated PDF logo/watermark: w08-1-步进电机驱动器_p7_img1.png | signature=raster:152x156:6055:07e01b3826fc74be719ebffffff7fff5af75cf75d9e301204d3232d416d807e0
2026-08-05 22:05:30 - MultimodalPreprocessor - INFO - log_info:106 - Skip repeated PDF logo/watermark: w08-1-步进电机驱动器_p8_img1.png | signature=raster:152x156:6055:07e01b3826fc74be719ebffffff7fff5af75cf75d9e301204d3232d416d807e0
2026-08-05 22:05:30 - MultimodalPreprocessor - INFO - log_info:106 - Skip repeated PDF logo/watermark: w08-1-步进电机驱动器_p9_img1.png | signature=raster:152x156:6055:07e01b3826fc74be719ebffffff7fff5af75cf75d9e301204d3232d416d807e0
2026-08-05 22:05:30 - MultimodalPreprocessor - INFO - log_info:106 - Skip repeated PDF logo/watermark: w08-1-步进电机驱动器_p10_img1.png | signature=raster:152x156:6055:07e01b3826fc74be719ebffffff7fff5af75cf75d9e301204d3232d416d807e0
2026-08-05 22:05:30 - MultimodalPreprocessor - INFO - log_info:106 - Skip repeated PDF logo/watermark: w08-1-步进电机驱动器_p11_img1.png | signature=raster:152x156:6055:07e01b3826fc74be719ebffffff7fff5af75cf75d9e301204d3232d416d807e0
2026-08-05 22:05:30 - MultimodalPreprocessor - INFO - log_info:106 - Skip repeated PDF logo/watermark: w08-1-步进电机驱动器_p12_img1.png | signature=raster:152x156:6055:07e01b3826fc74be719ebffffff7fff5af75cf75d9e301204d3232d416d807e0
2026-08-05 22:05:30 - MultimodalPreprocessor - INFO - log_info:106 - PDF parsed: w08-1-步进电机驱动器
2026-08-05 22:09:26 - MultimodalPreprocessor - INFO - finalize:445 - Unified knowledge export completed
2026-08-05 22:09:26 - MultimodalPreprocessor - INFO - save_metadata:342 - 保存元数据: output\qwen_qwen3.7-plus_1\debug\document_metadata\w08-1-步进电机驱动器_pdf_metadata.json
2026-08-05 22:09:26 - MultimodalPreprocessor - INFO - process_pdf:360 - PDF处理完成: w08-1-步进电机驱动器_pdf
2026-08-05 22:09:26 - Main - INFO - main:655 - 完成处理文件 [1/4]: input\w08-1-步进电机驱动器.pdf
2026-08-05 22:09:26 - Main - INFO - main:650 - 开始处理文件 [2/4]: input\w09-1-直线运动平台（上） - 副本.pdf
2026-08-05 22:09:26 - MultimodalPreprocessor - INFO - process_file:266 - 开始处理文件: input\w09-1-直线运动平台（上） - 副本.pdf
2026-08-05 22:09:26 - MultimodalPreprocessor - INFO - process_pdf:289 - 开始处理PDF: input\w09-1-直线运动平台（上） - 副本.pdf
2026-08-05 22:09:26 - MultimodalPreprocessor - INFO - log_info:106 - Start parsing PDF: input\w09-1-直线运动平台（上） - 副本.pdf
2026-08-05 22:09:26 - MultimodalPreprocessor - INFO - log_info:106 - Parsing page 1/13
2026-08-05 22:09:26 - MultimodalPreprocessor - INFO - log_info:106 - Skip low-quality PDF image: w09-1-直线运动平台（上） - 副本_p1_img2.png | reason=too_small | stats={'width': 7.0, 'height': 12.0, 'area': 84.0, 'mean': 0.0, 'std': 0.0, 'black_ratio': 1.0, 'white_ratio': 0.0, 'mid_ratio': 0.0, 'edge_score': 0.0}
2026-08-05 22:09:26 - MultimodalPreprocessor - INFO - log_info:106 - Skip low-quality PDF image: w09-1-直线运动平台（上） - 副本_p1_img3.png | reason=too_small | stats={'width': 7.0, 'height': 12.0, 'area': 84.0, 'mean': 0.0, 'std': 0.0, 'black_ratio': 1.0, 'white_ratio': 0.0, 'mid_ratio': 0.0, 'edge_score': 0.0}
2026-08-05 22:09:26 - MultimodalPreprocessor - INFO - log_info:106 - Skip low-quality PDF image: w09-1-直线运动平台（上） - 副本_p1_img4.png | reason=too_small | stats={'width': 17.0, 'height': 19.0, 'area': 323.0, 'mean': 0.0, 'std': 0.0, 'black_ratio': 1.0, 'white_ratio': 0.0, 'mid_ratio': 0.0, 'edge_score': 0.0}
2026-08-05 22:09:26 - MultimodalPreprocessor - INFO - log_info:106 - Skip low-quality PDF image: w09-1-直线运动平台（上） - 副本_p1_img5.png | reason=too_small | stats={'width': 17.0, 'height': 26.0, 'area': 442.0, 'mean': 0.0, 'std': 0.0, 'black_ratio': 1.0, 'white_ratio': 0.0, 'mid_ratio': 0.0, 'edge_score': 0.0}
2026-08-05 22:09:26 - MultimodalPreprocessor - INFO - log_info:106 - Skip low-quality PDF image: w09-1-直线运动平台（上） - 副本_p1_img6.png | reason=too_small | stats={'width': 7.0, 'height': 7.0, 'area': 49.0, 'mean': 0.0, 'std': 0.0, 'black_ratio': 1.0, 'white_ratio': 0.0, 'mid_ratio': 0.0, 'edge_score': 0.0}
2026-08-05 22:09:26 - MultimodalPreprocessor - INFO - log_info:106 - Skip low-quality PDF image: w09-1-直线运动平台（上） - 副本_p1_img7.png | reason=too_small | stats={'width': 10.0, 'height': 10.0, 'area': 100.0, 'mean': 0.0, 'std': 0.0, 'black_ratio': 1.0, 'white_ratio': 0.0, 'mid_ratio': 0.0, 'edge_score': 0.0}
2026-08-05 22:09:26 - MultimodalPreprocessor - INFO - log_info:106 - Skip low-quality PDF image: w09-1-直线运动平台（上） - 副本_p1_img8.png | reason=too_small | stats={'width': 9.0, 'height': 10.0, 'area': 90.0, 'mean': 0.0, 'std': 0.0, 'black_ratio': 1.0, 'white_ratio': 0.0, 'mid_ratio': 0.0, 'edge_score': 0.0}
2026-08-05 22:09:26 - MultimodalPreprocessor - INFO - log_info:106 - Skip low-quality PDF image: w09-1-直线运动平台（上） - 副本_p1_img9.png | reason=too_small | stats={'width': 9.0, 'height': 10.0, 'area': 90.0, 'mean': 0.0, 'std': 0.0, 'black_ratio': 1.0, 'white_ratio': 0.0, 'mid_ratio': 0.0, 'edge_score': 0.0}
2026-08-05 22:09:26 - MultimodalPreprocessor - INFO - log_info:106 - Skip low-quality PDF image: w09-1-直线运动平台（上） - 副本_p1_img10.png | reason=too_small | stats={'width': 9.0, 'height': 11.0, 'area': 99.0, 'mean': 0.0, 'std': 0.0, 'black_ratio': 1.0, 'white_ratio': 0.0, 'mid_ratio': 0.0, 'edge_score': 0.0}
2026-08-05 22:09:26 - MultimodalPreprocessor - INFO - log_info:106 - Skip low-quality PDF image: w09-1-直线运动平台（上） - 副本_p1_img11.png | reason=too_small | stats={'width': 10.0, 'height': 10.0, 'area': 100.0, 'mean': 0.0, 'std': 0.0, 'black_ratio': 1.0, 'white_ratio': 0.0, 'mid_ratio': 0.0, 'edge_score': 0.0}
2026-08-05 22:09:26 - MultimodalPreprocessor - INFO - log_info:106 - Skip low-quality PDF image: w09-1-直线运动平台（上） - 副本_p1_img12.png | reason=flat_image | stats={'width': 101.0, 'height': 109.0, 'area': 11009.0, 'mean': 0.0, 'std': 0.0, 'black_ratio': 1.0, 'white_ratio': 0.0, 'mid_ratio': 0.0, 'edge_score': 0.0}
2026-08-05 22:09:26 - MultimodalPreprocessor - INFO - log_info:106 - Skip low-quality PDF image: w09-1-直线运动平台（上） - 副本_p1_img13.png | reason=too_small | stats={'width': 32.0, 'height': 48.0, 'area': 1536.0, 'mean': 0.0, 'std': 0.0, 'black_ratio': 1.0, 'white_ratio': 0.0, 'mid_ratio': 0.0, 'edge_score': 0.0}
2026-08-05 22:09:26 - MultimodalPreprocessor - INFO - log_info:106 - Skip low-quality PDF image: w09-1-直线运动平台（上） - 副本_p1_img14.png | reason=too_small | stats={'width': 26.0, 'height': 19.0, 'area': 494.0, 'mean': 0.0, 'std': 0.0, 'black_ratio': 1.0, 'white_ratio': 0.0, 'mid_ratio': 0.0, 'edge_score': 0.0}
2026-08-05 22:09:26 - MultimodalPreprocessor - INFO - log_info:106 - Skip low-quality PDF image: w09-1-直线运动平台（上） - 副本_p1_img15.png | reason=too_small | stats={'width': 68.0, 'height': 68.0, 'area': 4624.0, 'mean': 65.72102076124567, 'std': 66.97227728627423, 'black_ratio': 0.5010813148788927, 'white_ratio': 0.004974048442906574, 'mid_ratio': 0.4939446366782007, 'edge_score': 28.805860403863036}
2026-08-05 22:09:26 - MultimodalPreprocessor - INFO - log_info:106 - Skip low-quality PDF image: w09-1-直线运动平台（上） - 副本_p1_img16.png | reason=too_small | stats={'width': 15.0, 'height': 15.0, 'area': 225.0, 'mean': 0.0, 'std': 0.0, 'black_ratio': 1.0, 'white_ratio': 0.0, 'mid_ratio': 0.0, 'edge_score': 0.0}
2026-08-05 22:09:26 - MultimodalPreprocessor - INFO - log_info:106 - Skip low-quality PDF image: w09-1-直线运动平台（上） - 副本_p1_img17.png | reason=too_small | stats={'width': 86.0, 'height': 48.0, 'area': 4128.0, 'mean': 0.0, 'std': 0.0, 'black_ratio': 1.0, 'white_ratio': 0.0, 'mid_ratio': 0.0, 'edge_score': 0.0}
2026-08-05 22:09:26 - MultimodalPreprocessor - INFO - log_info:106 - Skip low-quality PDF image: w09-1-直线运动平台（上） - 副本_p1_img18.png | reason=too_small | stats={'width': 83.0, 'height': 27.0, 'area': 2241.0, 'mean': 0.0, 'std': 0.0, 'black_ratio': 1.0, 'white_ratio': 0.0, 'mid_ratio': 0.0, 'edge_score': 0.0}
2026-08-05 22:09:26 - MultimodalPreprocessor - INFO - log_info:106 - Skip low-quality PDF image: w09-1-直线运动平台（上） - 副本_p1_img19.png | reason=flat_image | stats={'width': 101.0, 'height': 109.0, 'area': 11009.0, 'mean': 0.0, 'std': 0.0, 'black_ratio': 1.0, 'white_ratio': 0.0, 'mid_ratio': 0.0, 'edge_score': 0.0}
2026-08-05 22:09:26 - MultimodalPreprocessor - INFO - log_info:106 - Skip low-quality PDF image: w09-1-直线运动平台（上） - 副本_p1_img20.png | reason=too_small | stats={'width': 27.0, 'height': 20.0, 'area': 540.0, 'mean': 0.0, 'std': 0.0, 'black_ratio': 1.0, 'white_ratio': 0.0, 'mid_ratio': 0.0, 'edge_score': 0.0}
2026-08-05 22:09:26 - MultimodalPreprocessor - INFO - log_info:106 - Skip low-quality PDF image: w09-1-直线运动平台（上） - 副本_p1_img21.png | reason=too_small | stats={'width': 6.0, 'height': 20.0, 'area': 120.0, 'mean': 0.0, 'std': 0.0, 'black_ratio': 1.0, 'white_ratio': 0.0, 'mid_ratio': 0.0, 'edge_score': 0.0}
2026-08-05 22:09:26 - MultimodalPreprocessor - INFO - log_info:106 - Skip low-quality PDF image: w09-1-直线运动平台（上） - 副本_p1_img22.png | reason=too_small | stats={'width': 77.0, 'height': 16.0, 'area': 1232.0, 'mean': 0.0, 'std': 0.0, 'black_ratio': 1.0, 'white_ratio': 0.0, 'mid_ratio': 0.0, 'edge_score': 0.0}
2026-08-05 22:09:26 - MultimodalPreprocessor - INFO - log_info:106 - Skip low-quality PDF image: w09-1-直线运动平台（上） - 副本_p1_img23.png | reason=too_small | stats={'width': 64.0, 'height': 16.0, 'area': 1024.0, 'mean': 0.0, 'std': 0.0, 'black_ratio': 1.0, 'white_ratio': 0.0, 'mid_ratio': 0.0, 'edge_score': 0.0}
2026-08-05 22:09:26 - MultimodalPreprocessor - INFO - log_info:106 - Skip low-quality PDF image: w09-1-直线运动平台（上） - 副本_p1_img24.png | reason=too_small | stats={'width': 14.0, 'height': 15.0, 'area': 210.0, 'mean': 0.0, 'std': 0.0, 'black_ratio': 1.0, 'white_ratio': 0.0, 'mid_ratio': 0.0, 'edge_score': 0.0}
2026-08-05 22:09:26 - MultimodalPreprocessor - INFO - log_info:106 - Skip low-quality PDF image: w09-1-直线运动平台（上） - 副本_p1_img25.png | reason=too_small | stats={'width': 8.0, 'height': 14.0, 'area': 112.0, 'mean': 0.0, 'std': 0.0, 'black_ratio': 1.0, 'white_ratio': 0.0, 'mid_ratio': 0.0, 'edge_score': 0.0}
2026-08-05 22:09:26 - MultimodalPreprocessor - INFO - log_info:106 - Skip low-quality PDF image: w09-1-直线运动平台（上） - 副本_p1_img26.png | reason=too_small | stats={'width': 9.0, 'height': 11.0, 'area': 99.0, 'mean': 0.0, 'std': 0.0, 'black_ratio': 1.0, 'white_ratio': 0.0, 'mid_ratio': 0.0, 'edge_score': 0.0}
2026-08-05 22:09:26 - MultimodalPreprocessor - INFO - log_info:106 - Skip low-quality PDF image: w09-1-直线运动平台（上） - 副本_p1_img27.png | reason=too_small | stats={'width': 17.0, 'height': 26.0, 'area': 442.0, 'mean': 0.0, 'std': 0.0, 'black_ratio': 1.0, 'white_ratio': 0.0, 'mid_ratio': 0.0, 'edge_score': 0.0}
2026-08-05 22:09:26 - MultimodalPreprocessor - INFO - log_info:106 - Skip low-quality PDF image: w09-1-直线运动平台（上） - 副本_p1_img28.png | reason=too_small | stats={'width': 8.0, 'height': 63.0, 'area': 504.0, 'mean': 0.0, 'std': 0.0, 'black_ratio': 1.0, 'white_ratio': 0.0, 'mid_ratio': 0.0, 'edge_score': 0.0}
2026-08-05 22:09:26 - MultimodalPreprocessor - INFO - log_info:106 - Skip low-quality PDF image: w09-1-直线运动平台（上） - 副本_p1_img29.png | reason=too_small | stats={'width': 17.0, 'height': 19.0, 'area': 323.0, 'mean': 0.0, 'std': 0.0, 'black_ratio': 1.0, 'white_ratio': 0.0, 'mid_ratio': 0.0, 'edge_score': 0.0}
2026-08-05 22:09:26 - MultimodalPreprocessor - INFO - log_info:106 - Skip low-quality PDF image: w09-1-直线运动平台（上） - 副本_p1_img30.png | reason=too_small | stats={'width': 13.0, 'height': 14.0, 'area': 182.0, 'mean': 0.0, 'std': 0.0, 'black_ratio': 1.0, 'white_ratio': 0.0, 'mid_ratio': 0.0, 'edge_score': 0.0}
2026-08-05 22:09:26 - MultimodalPreprocessor - INFO - log_info:106 - Skip low-quality PDF image: w09-1-直线运动平台（上） - 副本_p1_img31.png | reason=too_small | stats={'width': 15.0, 'height': 23.0, 'area': 345.0, 'mean': 0.0, 'std': 0.0, 'black_ratio': 1.0, 'white_ratio': 0.0, 'mid_ratio': 0.0, 'edge_score': 0.0}
2026-08-05 22:09:26 - MultimodalPreprocessor - INFO - log_info:106 - Skip low-quality PDF image: w09-1-直线运动平台（上） - 副本_p1_img32.png | reason=too_small | stats={'width': 9.0, 'height': 23.0, 'area': 207.0, 'mean': 0.0, 'std': 0.0, 'black_ratio': 1.0, 'white_ratio': 0.0, 'mid_ratio': 0.0, 'edge_score': 0.0}
2026-08-05 22:09:26 - MultimodalPreprocessor - INFO - log_info:106 - Skip low-quality PDF image: w09-1-直线运动平台（上） - 副本_p1_img33.png | reason=too_small | stats={'width': 13.0, 'height': 64.0, 'area': 832.0, 'mean': 0.0, 'std': 0.0, 'black_ratio': 1.0, 'white_ratio': 0.0, 'mid_ratio': 0.0, 'edge_score': 0.0}
2026-08-05 22:09:26 - MultimodalPreprocessor - INFO - log_info:106 - Skip low-quality PDF image: w09-1-直线运动平台（上） - 副本_p1_img34.png | reason=too_small | stats={'width': 34.0, 'height': 25.0, 'area': 850.0, 'mean': 0.0, 'std': 0.0, 'black_ratio': 1.0, 'white_ratio': 0.0, 'mid_ratio': 0.0, 'edge_score': 0.0}
2026-08-05 22:09:26 - MultimodalPreprocessor - INFO - log_info:106 - Skip low-quality PDF image: w09-1-直线运动平台（上） - 副本_p1_img35.png | reason=too_small | stats={'width': 9.0, 'height': 9.0, 'area': 81.0, 'mean': 0.0, 'std': 0.0, 'black_ratio': 1.0, 'white_ratio': 0.0, 'mid_ratio': 0.0, 'edge_score': 0.0}
2026-08-05 22:09:26 - MultimodalPreprocessor - INFO - log_info:106 - Skip low-quality PDF image: w09-1-直线运动平台（上） - 副本_p1_img36.png | reason=too_small | stats={'width': 9.0, 'height': 10.0, 'area': 90.0, 'mean': 0.0, 'std': 0.0, 'black_ratio': 1.0, 'white_ratio': 0.0, 'mid_ratio': 0.0, 'edge_score': 0.0}
2026-08-05 22:09:26 - MultimodalPreprocessor - INFO - log_info:106 - Skip low-quality PDF image: w09-1-直线运动平台（上） - 副本_p1_img37.png | reason=too_small | stats={'width': 12.0, 'height': 8.0, 'area': 96.0, 'mean': 0.0, 'std': 0.0, 'black_ratio': 1.0, 'white_ratio': 0.0, 'mid_ratio': 0.0, 'edge_score': 0.0}
2026-08-05 22:09:26 - MultimodalPreprocessor - INFO - log_info:106 - Skip low-quality PDF image: w09-1-直线运动平台（上） - 副本_p1_img38.png | reason=too_small | stats={'width': 7.0, 'height': 12.0, 'area': 84.0, 'mean': 0.0, 'std': 0.0, 'black_ratio': 1.0, 'white_ratio': 0.0, 'mid_ratio': 0.0, 'edge_score': 0.0}
2026-08-05 22:09:26 - MultimodalPreprocessor - INFO - log_info:106 - Parsing page 2/13
2026-08-05 22:09:26 - MultimodalPreprocessor - INFO - log_info:106 - Skip low-quality PDF image: w09-1-直线运动平台（上） - 副本_p2_img2.png | reason=too_small | stats={'width': 68.0, 'height': 68.0, 'area': 4624.0, 'mean': 65.72102076124567, 'std': 66.97227728627423, 'black_ratio': 0.5010813148788927, 'white_ratio': 0.004974048442906574, 'mid_ratio': 0.4939446366782007, 'edge_score': 28.805860403863036}
2026-08-05 22:09:26 - MultimodalPreprocessor - INFO - log_info:106 - Parsing page 3/13
2026-08-05 22:09:26 - MultimodalPreprocessor - INFO - log_info:106 - Skip low-quality PDF image: w09-1-直线运动平台（上） - 副本_p3_img2.png | reason=too_small | stats={'width': 68.0, 'height': 68.0, 'area': 4624.0, 'mean': 65.72102076124567, 'std': 66.97227728627423, 'black_ratio': 0.5010813148788927, 'white_ratio': 0.004974048442906574, 'mid_ratio': 0.4939446366782007, 'edge_score': 28.805860403863036}
2026-08-05 22:09:26 - MultimodalPreprocessor - INFO - log_info:106 - Parsing page 4/13
2026-08-05 22:09:26 - MultimodalPreprocessor - INFO - log_info:106 - Skip low-quality PDF image: w09-1-直线运动平台（上） - 副本_p4_img2.png | reason=too_small | stats={'width': 68.0, 'height': 68.0, 'area': 4624.0, 'mean': 65.72102076124567, 'std': 66.97227728627423, 'black_ratio': 0.5010813148788927, 'white_ratio': 0.004974048442906574, 'mid_ratio': 0.4939446366782007, 'edge_score': 28.805860403863036}
2026-08-05 22:09:26 - MultimodalPreprocessor - INFO - log_info:106 - Parsing page 5/13
2026-08-05 22:09:26 - MultimodalPreprocessor - INFO - log_info:106 - Skip low-quality PDF image: w09-1-直线运动平台（上） - 副本_p5_img2.png | reason=too_small | stats={'width': 68.0, 'height': 68.0, 'area': 4624.0, 'mean': 65.72102076124567, 'std': 66.97227728627423, 'black_ratio': 0.5010813148788927, 'white_ratio': 0.004974048442906574, 'mid_ratio': 0.4939446366782007, 'edge_score': 28.805860403863036}
2026-08-05 22:09:26 - MultimodalPreprocessor - INFO - log_info:106 - Parsing page 6/13
2026-08-05 22:09:27 - MultimodalPreprocessor - INFO - log_info:106 - Skip low-quality PDF image: w09-1-直线运动平台（上） - 副本_p6_img2.png | reason=too_small | stats={'width': 68.0, 'height': 68.0, 'area': 4624.0, 'mean': 65.72102076124567, 'std': 66.97227728627423, 'black_ratio': 0.5010813148788927, 'white_ratio': 0.004974048442906574, 'mid_ratio': 0.4939446366782007, 'edge_score': 28.805860403863036}
2026-08-05 22:09:27 - MultimodalPreprocessor - INFO - log_info:106 - Parsing page 7/13
2026-08-05 22:09:27 - MultimodalPreprocessor - INFO - log_info:106 - Skip low-quality PDF image: w09-1-直线运动平台（上） - 副本_p7_img2.png | reason=too_small | stats={'width': 68.0, 'height': 68.0, 'area': 4624.0, 'mean': 65.72102076124567, 'std': 66.97227728627423, 'black_ratio': 0.5010813148788927, 'white_ratio': 0.004974048442906574, 'mid_ratio': 0.4939446366782007, 'edge_score': 28.805860403863036}
2026-08-05 22:09:27 - MultimodalPreprocessor - INFO - log_info:106 - Skip low-quality PDF image: w09-1-直线运动平台（上） - 副本_p7_img6.png | reason=too_small | stats={'width': 84.0, 'height': 62.0, 'area': 5208.0, 'mean': 26.33026113671275, 'std': 53.373046201999514, 'black_ratio': 0.761520737327189, 'white_ratio': 0.00576036866359447, 'mid_ratio': 0.23271889400921658, 'edge_score': 9.728125705713742}
2026-08-05 22:09:27 - MultimodalPreprocessor - INFO - log_info:106 - Parsing page 8/13
2026-08-05 22:09:27 - MultimodalPreprocessor - INFO - log_info:106 - Skip low-quality PDF image: w09-1-直线运动平台（上） - 副本_p8_img2.png | reason=too_small | stats={'width': 68.0, 'height': 68.0, 'area': 4624.0, 'mean': 65.72102076124567, 'std': 66.97227728627423, 'black_ratio': 0.5010813148788927, 'white_ratio': 0.004974048442906574, 'mid_ratio': 0.4939446366782007, 'edge_score': 28.805860403863036}
2026-08-05 22:09:27 - MultimodalPreprocessor - INFO - log_info:106 - Parsing page 9/13
2026-08-05 22:09:27 - MultimodalPreprocessor - INFO - log_info:106 - Skip low-quality PDF image: w09-1-直线运动平台（上） - 副本_p9_img2.png | reason=too_small | stats={'width': 68.0, 'height': 68.0, 'area': 4624.0, 'mean': 65.72102076124567, 'std': 66.97227728627423, 'black_ratio': 0.5010813148788927, 'white_ratio': 0.004974048442906574, 'mid_ratio': 0.4939446366782007, 'edge_score': 28.805860403863036}
2026-08-05 22:09:27 - MultimodalPreprocessor - INFO - log_info:106 - Parsing page 10/13
2026-08-05 22:09:27 - MultimodalPreprocessor - INFO - log_info:106 - Skip low-quality PDF image: w09-1-直线运动平台（上） - 副本_p10_img2.png | reason=too_small | stats={'width': 68.0, 'height': 68.0, 'area': 4624.0, 'mean': 65.72102076124567, 'std': 66.97227728627423, 'black_ratio': 0.5010813148788927, 'white_ratio': 0.004974048442906574, 'mid_ratio': 0.4939446366782007, 'edge_score': 28.805860403863036}
2026-08-05 22:09:27 - MultimodalPreprocessor - INFO - log_info:106 - Parsing page 11/13
2026-08-05 22:09:27 - MultimodalPreprocessor - INFO - log_info:106 - Skip low-quality PDF image: w09-1-直线运动平台（上） - 副本_p11_img2.png | reason=too_small | stats={'width': 68.0, 'height': 68.0, 'area': 4624.0, 'mean': 65.72102076124567, 'std': 66.97227728627423, 'black_ratio': 0.5010813148788927, 'white_ratio': 0.004974048442906574, 'mid_ratio': 0.4939446366782007, 'edge_score': 28.805860403863036}
2026-08-05 22:09:27 - MultimodalPreprocessor - INFO - log_info:106 - Parsing page 12/13
2026-08-05 22:09:27 - MultimodalPreprocessor - INFO - log_info:106 - Skip low-quality PDF image: w09-1-直线运动平台（上） - 副本_p12_img2.png | reason=too_small | stats={'width': 68.0, 'height': 68.0, 'area': 4624.0, 'mean': 65.72102076124567, 'std': 66.97227728627423, 'black_ratio': 0.5010813148788927, 'white_ratio': 0.004974048442906574, 'mid_ratio': 0.4939446366782007, 'edge_score': 28.805860403863036}
2026-08-05 22:09:27 - MultimodalPreprocessor - INFO - log_info:106 - Parsing page 13/13
2026-08-05 22:09:27 - MultimodalPreprocessor - INFO - log_info:106 - Skip low-quality PDF image: w09-1-直线运动平台（上） - 副本_p13_img2.png | reason=too_small | stats={'width': 7.0, 'height': 12.0, 'area': 84.0, 'mean': 0.0, 'std': 0.0, 'black_ratio': 1.0, 'white_ratio': 0.0, 'mid_ratio': 0.0, 'edge_score': 0.0}
2026-08-05 22:09:27 - MultimodalPreprocessor - INFO - log_info:106 - Skip low-quality PDF image: w09-1-直线运动平台（上） - 副本_p13_img3.png | reason=too_small | stats={'width': 7.0, 'height': 12.0, 'area': 84.0, 'mean': 0.0, 'std': 0.0, 'black_ratio': 1.0, 'white_ratio': 0.0, 'mid_ratio': 0.0, 'edge_score': 0.0}
2026-08-05 22:09:27 - MultimodalPreprocessor - INFO - log_info:106 - Skip low-quality PDF image: w09-1-直线运动平台（上） - 副本_p13_img4.png | reason=too_small | stats={'width': 17.0, 'height': 19.0, 'area': 323.0, 'mean': 0.0, 'std': 0.0, 'black_ratio': 1.0, 'white_ratio': 0.0, 'mid_ratio': 0.0, 'edge_score': 0.0}
2026-08-05 22:09:27 - MultimodalPreprocessor - INFO - log_info:106 - Skip low-quality PDF image: w09-1-直线运动平台（上） - 副本_p13_img5.png | reason=too_small | stats={'width': 17.0, 'height': 26.0, 'area': 442.0, 'mean': 0.0, 'std': 0.0, 'black_ratio': 1.0, 'white_ratio': 0.0, 'mid_ratio': 0.0, 'edge_score': 0.0}
2026-08-05 22:09:27 - MultimodalPreprocessor - INFO - log_info:106 - Skip low-quality PDF image: w09-1-直线运动平台（上） - 副本_p13_img6.png | reason=too_small | stats={'width': 7.0, 'height': 7.0, 'area': 49.0, 'mean': 0.0, 'std': 0.0, 'black_ratio': 1.0, 'white_ratio': 0.0, 'mid_ratio': 0.0, 'edge_score': 0.0}
2026-08-05 22:09:27 - MultimodalPreprocessor - INFO - log_info:106 - Skip low-quality PDF image: w09-1-直线运动平台（上） - 副本_p13_img7.png | reason=too_small | stats={'width': 10.0, 'height': 10.0, 'area': 100.0, 'mean': 0.0, 'std': 0.0, 'black_ratio': 1.0, 'white_ratio': 0.0, 'mid_ratio': 0.0, 'edge_score': 0.0}
2026-08-05 22:09:27 - MultimodalPreprocessor - INFO - log_info:106 - Skip low-quality PDF image: w09-1-直线运动平台（上） - 副本_p13_img8.png | reason=too_small | stats={'width': 9.0, 'height': 10.0, 'area': 90.0, 'mean': 0.0, 'std': 0.0, 'black_ratio': 1.0, 'white_ratio': 0.0, 'mid_ratio': 0.0, 'edge_score': 0.0}
2026-08-05 22:09:27 - MultimodalPreprocessor - INFO - log_info:106 - Skip low-quality PDF image: w09-1-直线运动平台（上） - 副本_p13_img9.png | reason=too_small | stats={'width': 9.0, 'height': 10.0, 'area': 90.0, 'mean': 0.0, 'std': 0.0, 'black_ratio': 1.0, 'white_ratio': 0.0, 'mid_ratio': 0.0, 'edge_score': 0.0}
2026-08-05 22:09:27 - MultimodalPreprocessor - INFO - log_info:106 - Skip low-quality PDF image: w09-1-直线运动平台（上） - 副本_p13_img10.png | reason=too_small | stats={'width': 9.0, 'height': 11.0, 'area': 99.0, 'mean': 0.0, 'std': 0.0, 'black_ratio': 1.0, 'white_ratio': 0.0, 'mid_ratio': 0.0, 'edge_score': 0.0}
2026-08-05 22:09:27 - MultimodalPreprocessor - INFO - log_info:106 - Skip low-quality PDF image: w09-1-直线运动平台（上） - 副本_p13_img11.png | reason=too_small | stats={'width': 10.0, 'height': 10.0, 'area': 100.0, 'mean': 0.0, 'std': 0.0, 'black_ratio': 1.0, 'white_ratio': 0.0, 'mid_ratio': 0.0, 'edge_score': 0.0}
2026-08-05 22:09:27 - MultimodalPreprocessor - INFO - log_info:106 - Skip low-quality PDF image: w09-1-直线运动平台（上） - 副本_p13_img12.png | reason=flat_image | stats={'width': 101.0, 'height': 109.0, 'area': 11009.0, 'mean': 0.0, 'std': 0.0, 'black_ratio': 1.0, 'white_ratio': 0.0, 'mid_ratio': 0.0, 'edge_score': 0.0}
2026-08-05 22:09:27 - MultimodalPreprocessor - INFO - log_info:106 - Skip low-quality PDF image: w09-1-直线运动平台（上） - 副本_p13_img13.png | reason=too_small | stats={'width': 32.0, 'height': 48.0, 'area': 1536.0, 'mean': 0.0, 'std': 0.0, 'black_ratio': 1.0, 'white_ratio': 0.0, 'mid_ratio': 0.0, 'edge_score': 0.0}
2026-08-05 22:09:27 - MultimodalPreprocessor - INFO - log_info:106 - Skip low-quality PDF image: w09-1-直线运动平台（上） - 副本_p13_img14.png | reason=too_small | stats={'width': 26.0, 'height': 19.0, 'area': 494.0, 'mean': 0.0, 'std': 0.0, 'black_ratio': 1.0, 'white_ratio': 0.0, 'mid_ratio': 0.0, 'edge_score': 0.0}
2026-08-05 22:09:27 - MultimodalPreprocessor - INFO - log_info:106 - Skip low-quality PDF image: w09-1-直线运动平台（上） - 副本_p13_img15.png | reason=too_small | stats={'width': 68.0, 'height': 68.0, 'area': 4624.0, 'mean': 65.72102076124567, 'std': 66.97227728627423, 'black_ratio': 0.5010813148788927, 'white_ratio': 0.004974048442906574, 'mid_ratio': 0.4939446366782007, 'edge_score': 28.805860403863036}
2026-08-05 22:09:27 - MultimodalPreprocessor - INFO - log_info:106 - Skip low-quality PDF image: w09-1-直线运动平台（上） - 副本_p13_img16.png | reason=too_small | stats={'width': 15.0, 'height': 15.0, 'area': 225.0, 'mean': 0.0, 'std': 0.0, 'black_ratio': 1.0, 'white_ratio': 0.0, 'mid_ratio': 0.0, 'edge_score': 0.0}
2026-08-05 22:09:27 - MultimodalPreprocessor - INFO - log_info:106 - Skip low-quality PDF image: w09-1-直线运动平台（上） - 副本_p13_img17.png | reason=too_small | stats={'width': 86.0, 'height': 48.0, 'area': 4128.0, 'mean': 0.0, 'std': 0.0, 'black_ratio': 1.0, 'white_ratio': 0.0, 'mid_ratio': 0.0, 'edge_score': 0.0}
2026-08-05 22:09:27 - MultimodalPreprocessor - INFO - log_info:106 - Skip low-quality PDF image: w09-1-直线运动平台（上） - 副本_p13_img18.png | reason=too_small | stats={'width': 83.0, 'height': 27.0, 'area': 2241.0, 'mean': 0.0, 'std': 0.0, 'black_ratio': 1.0, 'white_ratio': 0.0, 'mid_ratio': 0.0, 'edge_score': 0.0}
2026-08-05 22:09:27 - MultimodalPreprocessor - INFO - log_info:106 - Skip low-quality PDF image: w09-1-直线运动平台（上） - 副本_p13_img19.png | reason=flat_image | stats={'width': 101.0, 'height': 109.0, 'area': 11009.0, 'mean': 0.0, 'std': 0.0, 'black_ratio': 1.0, 'white_ratio': 0.0, 'mid_ratio': 0.0, 'edge_score': 0.0}
2026-08-05 22:09:27 - MultimodalPreprocessor - INFO - log_info:106 - Skip low-quality PDF image: w09-1-直线运动平台（上） - 副本_p13_img20.png | reason=too_small | stats={'width': 27.0, 'height': 20.0, 'area': 540.0, 'mean': 0.0, 'std': 0.0, 'black_ratio': 1.0, 'white_ratio': 0.0, 'mid_ratio': 0.0, 'edge_score': 0.0}
2026-08-05 22:09:27 - MultimodalPreprocessor - INFO - log_info:106 - Skip low-quality PDF image: w09-1-直线运动平台（上） - 副本_p13_img21.png | reason=too_small | stats={'width': 6.0, 'height': 20.0, 'area': 120.0, 'mean': 0.0, 'std': 0.0, 'black_ratio': 1.0, 'white_ratio': 0.0, 'mid_ratio': 0.0, 'edge_score': 0.0}
2026-08-05 22:09:27 - MultimodalPreprocessor - INFO - log_info:106 - Skip low-quality PDF image: w09-1-直线运动平台（上） - 副本_p13_img22.png | reason=too_small | stats={'width': 77.0, 'height': 16.0, 'area': 1232.0, 'mean': 0.0, 'std': 0.0, 'black_ratio': 1.0, 'white_ratio': 0.0, 'mid_ratio': 0.0, 'edge_score': 0.0}
2026-08-05 22:09:27 - MultimodalPreprocessor - INFO - log_info:106 - Skip low-quality PDF image: w09-1-直线运动平台（上） - 副本_p13_img23.png | reason=too_small | stats={'width': 64.0, 'height': 16.0, 'area': 1024.0, 'mean': 0.0, 'std': 0.0, 'black_ratio': 1.0, 'white_ratio': 0.0, 'mid_ratio': 0.0, 'edge_score': 0.0}
2026-08-05 22:09:27 - MultimodalPreprocessor - INFO - log_info:106 - Skip low-quality PDF image: w09-1-直线运动平台（上） - 副本_p13_img24.png | reason=too_small | stats={'width': 14.0, 'height': 15.0, 'area': 210.0, 'mean': 0.0, 'std': 0.0, 'black_ratio': 1.0, 'white_ratio': 0.0, 'mid_ratio': 0.0, 'edge_score': 0.0}
2026-08-05 22:09:27 - MultimodalPreprocessor - INFO - log_info:106 - Skip low-quality PDF image: w09-1-直线运动平台（上） - 副本_p13_img25.png | reason=too_small | stats={'width': 8.0, 'height': 14.0, 'area': 112.0, 'mean': 0.0, 'std': 0.0, 'black_ratio': 1.0, 'white_ratio': 0.0, 'mid_ratio': 0.0, 'edge_score': 0.0}
2026-08-05 22:09:27 - MultimodalPreprocessor - INFO - log_info:106 - Skip low-quality PDF image: w09-1-直线运动平台（上） - 副本_p13_img26.png | reason=too_small | stats={'width': 9.0, 'height': 11.0, 'area': 99.0, 'mean': 0.0, 'std': 0.0, 'black_ratio': 1.0, 'white_ratio': 0.0, 'mid_ratio': 0.0, 'edge_score': 0.0}
2026-08-05 22:09:27 - MultimodalPreprocessor - INFO - log_info:106 - Skip low-quality PDF image: w09-1-直线运动平台（上） - 副本_p13_img27.png | reason=too_small | stats={'width': 17.0, 'height': 26.0, 'area': 442.0, 'mean': 0.0, 'std': 0.0, 'black_ratio': 1.0, 'white_ratio': 0.0, 'mid_ratio': 0.0, 'edge_score': 0.0}
2026-08-05 22:09:27 - MultimodalPreprocessor - INFO - log_info:106 - Skip low-quality PDF image: w09-1-直线运动平台（上） - 副本_p13_img28.png | reason=too_small | stats={'width': 8.0, 'height': 63.0, 'area': 504.0, 'mean': 0.0, 'std': 0.0, 'black_ratio': 1.0, 'white_ratio': 0.0, 'mid_ratio': 0.0, 'edge_score': 0.0}
2026-08-05 22:09:27 - MultimodalPreprocessor - INFO - log_info:106 - Skip low-quality PDF image: w09-1-直线运动平台（上） - 副本_p13_img29.png | reason=too_small | stats={'width': 17.0, 'height': 19.0, 'area': 323.0, 'mean': 0.0, 'std': 0.0, 'black_ratio': 1.0, 'white_ratio': 0.0, 'mid_ratio': 0.0, 'edge_score': 0.0}
2026-08-05 22:09:27 - MultimodalPreprocessor - INFO - log_info:106 - Skip low-quality PDF image: w09-1-直线运动平台（上） - 副本_p13_img30.png | reason=too_small | stats={'width': 13.0, 'height': 14.0, 'area': 182.0, 'mean': 0.0, 'std': 0.0, 'black_ratio': 1.0, 'white_ratio': 0.0, 'mid_ratio': 0.0, 'edge_score': 0.0}
2026-08-05 22:09:27 - MultimodalPreprocessor - INFO - log_info:106 - Skip low-quality PDF image: w09-1-直线运动平台（上） - 副本_p13_img31.png | reason=too_small | stats={'width': 15.0, 'height': 23.0, 'area': 345.0, 'mean': 0.0, 'std': 0.0, 'black_ratio': 1.0, 'white_ratio': 0.0, 'mid_ratio': 0.0, 'edge_score': 0.0}
2026-08-05 22:09:27 - MultimodalPreprocessor - INFO - log_info:106 - Skip low-quality PDF image: w09-1-直线运动平台（上） - 副本_p13_img32.png | reason=too_small | stats={'width': 9.0, 'height': 23.0, 'area': 207.0, 'mean': 0.0, 'std': 0.0, 'black_ratio': 1.0, 'white_ratio': 0.0, 'mid_ratio': 0.0, 'edge_score': 0.0}
2026-08-05 22:09:27 - MultimodalPreprocessor - INFO - log_info:106 - Skip low-quality PDF image: w09-1-直线运动平台（上） - 副本_p13_img33.png | reason=too_small | stats={'width': 13.0, 'height': 64.0, 'area': 832.0, 'mean': 0.0, 'std': 0.0, 'black_ratio': 1.0, 'white_ratio': 0.0, 'mid_ratio': 0.0, 'edge_score': 0.0}
2026-08-05 22:09:27 - MultimodalPreprocessor - INFO - log_info:106 - Skip low-quality PDF image: w09-1-直线运动平台（上） - 副本_p13_img34.png | reason=too_small | stats={'width': 34.0, 'height': 25.0, 'area': 850.0, 'mean': 0.0, 'std': 0.0, 'black_ratio': 1.0, 'white_ratio': 0.0, 'mid_ratio': 0.0, 'edge_score': 0.0}
2026-08-05 22:09:27 - MultimodalPreprocessor - INFO - log_info:106 - Skip low-quality PDF image: w09-1-直线运动平台（上） - 副本_p13_img35.png | reason=too_small | stats={'width': 9.0, 'height': 9.0, 'area': 81.0, 'mean': 0.0, 'std': 0.0, 'black_ratio': 1.0, 'white_ratio': 0.0, 'mid_ratio': 0.0, 'edge_score': 0.0}
2026-08-05 22:09:27 - MultimodalPreprocessor - INFO - log_info:106 - Skip low-quality PDF image: w09-1-直线运动平台（上） - 副本_p13_img36.png | reason=too_small | stats={'width': 9.0, 'height': 10.0, 'area': 90.0, 'mean': 0.0, 'std': 0.0, 'black_ratio': 1.0, 'white_ratio': 0.0, 'mid_ratio': 0.0, 'edge_score': 0.0}
2026-08-05 22:09:27 - MultimodalPreprocessor - INFO - log_info:106 - Skip low-quality PDF image: w09-1-直线运动平台（上） - 副本_p13_img37.png | reason=too_small | stats={'width': 12.0, 'height': 8.0, 'area': 96.0, 'mean': 0.0, 'std': 0.0, 'black_ratio': 1.0, 'white_ratio': 0.0, 'mid_ratio': 0.0, 'edge_score': 0.0}
2026-08-05 22:09:27 - MultimodalPreprocessor - INFO - log_info:106 - Skip low-quality PDF image: w09-1-直线运动平台（上） - 副本_p13_img38.png | reason=too_small | stats={'width': 7.0, 'height': 12.0, 'area': 84.0, 'mean': 0.0, 'std': 0.0, 'black_ratio': 1.0, 'white_ratio': 0.0, 'mid_ratio': 0.0, 'edge_score': 0.0}
2026-08-05 22:09:27 - MultimodalPreprocessor - INFO - log_info:106 - Skip repeated PDF logo/watermark: w09-1-直线运动平台（上） - 副本_p1_img1.png | signature=raster:960x540:50553:a42d294b5a521694b5a52d0b4b5a5ac684a5a521614a5a5ad0b4b5a52d284a5a
2026-08-05 22:09:27 - MultimodalPreprocessor - INFO - log_info:106 - Skip repeated PDF logo/watermark: w09-1-直线运动平台（上） - 副本_p2_img1.png | signature=raster:960x540:50553:a42d294b5a521694b5a52d0b4b5a5ac684a5a521614a5a5ad0b4b5a52d284a5a
2026-08-05 22:09:27 - MultimodalPreprocessor - INFO - log_info:106 - Skip repeated PDF logo/watermark: w09-1-直线运动平台（上） - 副本_p3_img1.png | signature=raster:960x540:50553:a42d294b5a521694b5a52d0b4b5a5ac684a5a521614a5a5ad0b4b5a52d284a5a
2026-08-05 22:09:27 - MultimodalPreprocessor - INFO - log_info:106 - Skip repeated PDF logo/watermark: w09-1-直线运动平台（上） - 副本_p4_img1.png | signature=raster:960x540:50553:a42d294b5a521694b5a52d0b4b5a5ac684a5a521614a5a5ad0b4b5a52d284a5a
2026-08-05 22:09:27 - MultimodalPreprocessor - INFO - log_info:106 - Skip repeated PDF logo/watermark: w09-1-直线运动平台（上） - 副本_p5_img1.png | signature=raster:960x540:50553:a42d294b5a521694b5a52d0b4b5a5ac684a5a521614a5a5ad0b4b5a52d284a5a
2026-08-05 22:09:27 - MultimodalPreprocessor - INFO - log_info:106 - Skip repeated PDF logo/watermark: w09-1-直线运动平台（上） - 副本_p6_img1.png | signature=raster:960x540:50553:a42d294b5a521694b5a52d0b4b5a5ac684a5a521614a5a5ad0b4b5a52d284a5a
2026-08-05 22:09:27 - MultimodalPreprocessor - INFO - log_info:106 - Skip repeated PDF logo/watermark: w09-1-直线运动平台（上） - 副本_p7_img1.png | signature=raster:960x540:50553:a42d294b5a521694b5a52d0b4b5a5ac684a5a521614a5a5ad0b4b5a52d284a5a
2026-08-05 22:09:27 - MultimodalPreprocessor - INFO - log_info:106 - Skip repeated PDF logo/watermark: w09-1-直线运动平台（上） - 副本_p8_img1.png | signature=raster:960x540:50553:a42d294b5a521694b5a52d0b4b5a5ac684a5a521614a5a5ad0b4b5a52d284a5a
2026-08-05 22:09:27 - MultimodalPreprocessor - INFO - log_info:106 - Skip repeated PDF logo/watermark: w09-1-直线运动平台（上） - 副本_p9_img1.png | signature=raster:960x540:50553:a42d294b5a521694b5a52d0b4b5a5ac684a5a521614a5a5ad0b4b5a52d284a5a
2026-08-05 22:09:27 - MultimodalPreprocessor - INFO - log_info:106 - Skip repeated PDF logo/watermark: w09-1-直线运动平台（上） - 副本_p10_img1.png | signature=raster:960x540:50553:a42d294b5a521694b5a52d0b4b5a5ac684a5a521614a5a5ad0b4b5a52d284a5a
2026-08-05 22:09:27 - MultimodalPreprocessor - INFO - log_info:106 - Skip repeated PDF logo/watermark: w09-1-直线运动平台（上） - 副本_p11_img1.png | signature=raster:960x540:50553:a42d294b5a521694b5a52d0b4b5a5ac684a5a521614a5a5ad0b4b5a52d284a5a
2026-08-05 22:09:27 - MultimodalPreprocessor - INFO - log_info:106 - Skip repeated PDF logo/watermark: w09-1-直线运动平台（上） - 副本_p12_img1.png | signature=raster:960x540:50553:a42d294b5a521694b5a52d0b4b5a5ac684a5a521614a5a5ad0b4b5a52d284a5a
2026-08-05 22:09:27 - MultimodalPreprocessor - INFO - log_info:106 - Skip repeated PDF logo/watermark: w09-1-直线运动平台（上） - 副本_p13_img1.png | signature=raster:960x540:50553:a42d294b5a521694b5a52d0b4b5a5ac684a5a521614a5a5ad0b4b5a52d284a5a
2026-08-05 22:09:27 - MultimodalPreprocessor - INFO - log_info:106 - PDF parsed: w09-1-直线运动平台（上） - 副本
2026-08-05 22:14:09 - MultimodalPreprocessor - INFO - save_code:318 - 保存代码: w09-1-直线运动平台（上） - 副本_pdf_page_5_code_1.py + metadata.json
2026-08-05 22:16:22 - MultimodalPreprocessor - INFO - save_formulas:179 - 保存 1 个公式: JSON=output\qwen_qwen3.7-plus_1\debug\formulas\w09-1-直线运动平台（上） - 副本_pdf_page_9_formulas.json, CSV=output\qwen_qwen3.7-plus_1\debug\formulas\w09-1-直线运动平台（上） - 副本_pdf_page_9_formulas.csv
2026-08-05 22:16:22 - MultimodalPreprocessor - INFO - finalize:445 - Unified knowledge export completed
2026-08-05 22:16:22 - MultimodalPreprocessor - INFO - save_metadata:342 - 保存元数据: output\qwen_qwen3.7-plus_1\debug\document_metadata\w09-1-直线运动平台（上） - 副本_pdf_metadata.json
2026-08-05 22:16:22 - MultimodalPreprocessor - INFO - process_pdf:360 - PDF处理完成: w09-1-直线运动平台（上） - 副本_pdf
2026-08-05 22:16:22 - Main - INFO - main:655 - 完成处理文件 [2/4]: input\w09-1-直线运动平台（上） - 副本.pdf
2026-08-05 22:16:22 - Main - INFO - main:650 - 开始处理文件 [3/4]: input\w10-1-直线运动平台（下）.pdf
2026-08-05 22:16:22 - MultimodalPreprocessor - INFO - process_file:266 - 开始处理文件: input\w10-1-直线运动平台（下）.pdf
2026-08-05 22:16:22 - MultimodalPreprocessor - INFO - process_pdf:289 - 开始处理PDF: input\w10-1-直线运动平台（下）.pdf
2026-08-05 22:16:22 - MultimodalPreprocessor - INFO - log_info:106 - Start parsing PDF: input\w10-1-直线运动平台（下）.pdf
2026-08-05 22:16:22 - MultimodalPreprocessor - INFO - log_info:106 - Parsing page 1/18
2026-08-05 22:16:22 - MultimodalPreprocessor - INFO - log_info:106 - Skip low-quality PDF image: w10-1-直线运动平台（下）_p1_img2.png | reason=flat_image | stats={'width': 317.0, 'height': 342.0, 'area': 108414.0, 'mean': 0.0, 'std': 0.0, 'black_ratio': 1.0, 'white_ratio': 0.0, 'mid_ratio': 0.0, 'edge_score': 0.0}
2026-08-05 22:16:22 - MultimodalPreprocessor - INFO - log_info:106 - Skip low-quality PDF image: w10-1-直线运动平台（下）_p1_img3.png | reason=too_small | stats={'width': 22.0, 'height': 38.0, 'area': 836.0, 'mean': 0.0, 'std': 0.0, 'black_ratio': 1.0, 'white_ratio': 0.0, 'mid_ratio': 0.0, 'edge_score': 0.0}
2026-08-05 22:16:22 - MultimodalPreprocessor - INFO - log_info:106 - Skip low-quality PDF image: w10-1-直线运动平台（下）_p1_img4.png | reason=too_small | stats={'width': 53.0, 'height': 58.0, 'area': 3074.0, 'mean': 0.0, 'std': 0.0, 'black_ratio': 1.0, 'white_ratio': 0.0, 'mid_ratio': 0.0, 'edge_score': 0.0}
2026-08-05 22:16:22 - MultimodalPreprocessor - INFO - log_info:106 - Skip low-quality PDF image: w10-1-直线运动平台（下）_p1_img5.png | reason=too_small | stats={'width': 54.0, 'height': 82.0, 'area': 4428.0, 'mean': 0.0, 'std': 0.0, 'black_ratio': 1.0, 'white_ratio': 0.0, 'mid_ratio': 0.0, 'edge_score': 0.0}
2026-08-05 22:16:22 - MultimodalPreprocessor - INFO - log_info:106 - Skip low-quality PDF image: w10-1-直线运动平台（下）_p1_img6.png | reason=too_small | stats={'width': 22.0, 'height': 23.0, 'area': 506.0, 'mean': 0.0, 'std': 0.0, 'black_ratio': 1.0, 'white_ratio': 0.0, 'mid_ratio': 0.0, 'edge_score': 0.0}
2026-08-05 22:16:22 - MultimodalPreprocessor - INFO - log_info:106 - Skip low-quality PDF image: w10-1-直线运动平台（下）_p1_img7.png | reason=too_small | stats={'width': 31.0, 'height': 31.0, 'area': 961.0, 'mean': 0.0, 'std': 0.0, 'black_ratio': 1.0, 'white_ratio': 0.0, 'mid_ratio': 0.0, 'edge_score': 0.0}
2026-08-05 22:16:22 - MultimodalPreprocessor - INFO - log_info:106 - Skip low-quality PDF image: w10-1-直线运动平台（下）_p1_img8.png | reason=too_small | stats={'width': 30.0, 'height': 31.0, 'area': 930.0, 'mean': 0.0, 'std': 0.0, 'black_ratio': 1.0, 'white_ratio': 0.0, 'mid_ratio': 0.0, 'edge_score': 0.0}
2026-08-05 22:16:22 - MultimodalPreprocessor - INFO - log_info:106 - Skip low-quality PDF image: w10-1-直线运动平台（下）_p1_img9.png | reason=too_small | stats={'width': 28.0, 'height': 31.0, 'area': 868.0, 'mean': 0.0, 'std': 0.0, 'black_ratio': 1.0, 'white_ratio': 0.0, 'mid_ratio': 0.0, 'edge_score': 0.0}
2026-08-05 22:16:22 - MultimodalPreprocessor - INFO - log_info:106 - Skip low-quality PDF image: w10-1-直线运动平台（下）_p1_img10.png | reason=too_small | stats={'width': 30.0, 'height': 33.0, 'area': 990.0, 'mean': 0.0, 'std': 0.0, 'black_ratio': 1.0, 'white_ratio': 0.0, 'mid_ratio': 0.0, 'edge_score': 0.0}
2026-08-05 22:16:22 - MultimodalPreprocessor - INFO - log_info:106 - Skip low-quality PDF image: w10-1-直线运动平台（下）_p1_img11.png | reason=too_small | stats={'width': 31.0, 'height': 31.0, 'area': 961.0, 'mean': 0.0, 'std': 0.0, 'black_ratio': 1.0, 'white_ratio': 0.0, 'mid_ratio': 0.0, 'edge_score': 0.0}
2026-08-05 22:16:22 - MultimodalPreprocessor - INFO - log_info:106 - Skip low-quality PDF image: w10-1-直线运动平台（下）_p1_img12.png | reason=flat_image | stats={'width': 317.0, 'height': 342.0, 'area': 108414.0, 'mean': 0.0, 'std': 0.0, 'black_ratio': 1.0, 'white_ratio': 0.0, 'mid_ratio': 0.0, 'edge_score': 0.0}
2026-08-05 22:16:22 - MultimodalPreprocessor - INFO - log_info:106 - Skip low-quality PDF image: w10-1-直线运动平台（下）_p1_img13.png | reason=too_small | stats={'width': 25.0, 'height': 196.0, 'area': 4900.0, 'mean': 0.0, 'std': 0.0, 'black_ratio': 1.0, 'white_ratio': 0.0, 'mid_ratio': 0.0, 'edge_score': 0.0}
2026-08-05 22:16:22 - MultimodalPreprocessor - INFO - log_info:106 - Skip low-quality PDF image: w10-1-直线运动平台（下）_p1_img14.png | reason=flat_image | stats={'width': 101.0, 'height': 150.0, 'area': 15150.0, 'mean': 0.0, 'std': 0.0, 'black_ratio': 1.0, 'white_ratio': 0.0, 'mid_ratio': 0.0, 'edge_score': 0.0}
2026-08-05 22:16:22 - MultimodalPreprocessor - INFO - log_info:106 - Skip low-quality PDF image: w10-1-直线运动平台（下）_p1_img15.png | reason=too_small | stats={'width': 80.0, 'height': 60.0, 'area': 4800.0, 'mean': 0.0, 'std': 0.0, 'black_ratio': 1.0, 'white_ratio': 0.0, 'mid_ratio': 0.0, 'edge_score': 0.0}
2026-08-05 22:16:22 - MultimodalPreprocessor - INFO - log_info:106 - Skip low-quality PDF image: w10-1-直线运动平台（下）_p1_img16.png | reason=too_small | stats={'width': 47.0, 'height': 47.0, 'area': 2209.0, 'mean': 0.0, 'std': 0.0, 'black_ratio': 1.0, 'white_ratio': 0.0, 'mid_ratio': 0.0, 'edge_score': 0.0}
2026-08-05 22:16:22 - MultimodalPreprocessor - INFO - log_info:106 - Skip low-quality PDF image: w10-1-直线运动平台（下）_p1_img17.png | reason=flat_image | stats={'width': 268.0, 'height': 150.0, 'area': 40200.0, 'mean': 0.0, 'std': 0.0, 'black_ratio': 1.0, 'white_ratio': 0.0, 'mid_ratio': 0.0, 'edge_score': 0.0}
2026-08-05 22:16:22 - MultimodalPreprocessor - INFO - log_info:106 - Skip low-quality PDF image: w10-1-直线运动平台（下）_p1_img18.png | reason=flat_image | stats={'width': 260.0, 'height': 86.0, 'area': 22360.0, 'mean': 0.0, 'std': 0.0, 'black_ratio': 1.0, 'white_ratio': 0.0, 'mid_ratio': 0.0, 'edge_score': 0.0}
2026-08-05 22:16:22 - MultimodalPreprocessor - INFO - log_info:106 - Skip low-quality PDF image: w10-1-直线运动平台（下）_p1_img19.png | reason=too_small | stats={'width': 85.0, 'height': 62.0, 'area': 5270.0, 'mean': 0.0, 'std': 0.0, 'black_ratio': 1.0, 'white_ratio': 0.0, 'mid_ratio': 0.0, 'edge_score': 0.0}
2026-08-05 22:16:22 - MultimodalPreprocessor - INFO - log_info:106 - Skip low-quality PDF image: w10-1-直线运动平台（下）_p1_img20.png | reason=too_small | stats={'width': 19.0, 'height': 62.0, 'area': 1178.0, 'mean': 0.0, 'std': 0.0, 'black_ratio': 1.0, 'white_ratio': 0.0, 'mid_ratio': 0.0, 'edge_score': 0.0}
2026-08-05 22:16:22 - MultimodalPreprocessor - INFO - log_info:106 - Skip low-quality PDF image: w10-1-直线运动平台（下）_p1_img21.png | reason=too_small | stats={'width': 240.0, 'height': 51.0, 'area': 12240.0, 'mean': 0.0, 'std': 0.0, 'black_ratio': 1.0, 'white_ratio': 0.0, 'mid_ratio': 0.0, 'edge_score': 0.0}
2026-08-05 22:16:22 - MultimodalPreprocessor - INFO - log_info:106 - Skip low-quality PDF image: w10-1-直线运动平台（下）_p1_img22.png | reason=too_small | stats={'width': 201.0, 'height': 50.0, 'area': 10050.0, 'mean': 0.0, 'std': 0.0, 'black_ratio': 1.0, 'white_ratio': 0.0, 'mid_ratio': 0.0, 'edge_score': 0.0}
2026-08-05 22:16:22 - MultimodalPreprocessor - INFO - log_info:106 - Skip low-quality PDF image: w10-1-直线运动平台（下）_p1_img23.png | reason=too_small | stats={'width': 44.0, 'height': 46.0, 'area': 2024.0, 'mean': 0.0, 'std': 0.0, 'black_ratio': 1.0, 'white_ratio': 0.0, 'mid_ratio': 0.0, 'edge_score': 0.0}
2026-08-05 22:16:22 - MultimodalPreprocessor - INFO - log_info:106 - Skip low-quality PDF image: w10-1-直线运动平台（下）_p1_img24.png | reason=too_small | stats={'width': 41.0, 'height': 200.0, 'area': 8200.0, 'mean': 0.0, 'std': 0.0, 'black_ratio': 1.0, 'white_ratio': 0.0, 'mid_ratio': 0.0, 'edge_score': 0.0}
2026-08-05 22:16:22 - MultimodalPreprocessor - INFO - log_info:106 - Skip low-quality PDF image: w10-1-直线运动平台（下）_p1_img25.png | reason=too_small | stats={'width': 26.0, 'height': 45.0, 'area': 1170.0, 'mean': 0.0, 'std': 0.0, 'black_ratio': 1.0, 'white_ratio': 0.0, 'mid_ratio': 0.0, 'edge_score': 0.0}
2026-08-05 22:16:22 - MultimodalPreprocessor - INFO - log_info:106 - Skip low-quality PDF image: w10-1-直线运动平台（下）_p1_img26.png | reason=too_small | stats={'width': 30.0, 'height': 33.0, 'area': 990.0, 'mean': 0.0, 'std': 0.0, 'black_ratio': 1.0, 'white_ratio': 0.0, 'mid_ratio': 0.0, 'edge_score': 0.0}
2026-08-05 22:16:22 - MultimodalPreprocessor - INFO - log_info:106 - Skip low-quality PDF image: w10-1-直线运动平台（下）_p1_img27.png | reason=too_small | stats={'width': 54.0, 'height': 82.0, 'area': 4428.0, 'mean': 0.0, 'std': 0.0, 'black_ratio': 1.0, 'white_ratio': 0.0, 'mid_ratio': 0.0, 'edge_score': 0.0}
2026-08-05 22:16:22 - MultimodalPreprocessor - INFO - log_info:106 - Skip low-quality PDF image: w10-1-直线运动平台（下）_p1_img28.png | reason=too_small | stats={'width': 53.0, 'height': 58.0, 'area': 3074.0, 'mean': 0.0, 'std': 0.0, 'black_ratio': 1.0, 'white_ratio': 0.0, 'mid_ratio': 0.0, 'edge_score': 0.0}
2026-08-05 22:16:22 - MultimodalPreprocessor - INFO - log_info:106 - Skip low-quality PDF image: w10-1-直线运动平台（下）_p1_img29.png | reason=too_small | stats={'width': 41.0, 'height': 44.0, 'area': 1804.0, 'mean': 0.0, 'std': 0.0, 'black_ratio': 1.0, 'white_ratio': 0.0, 'mid_ratio': 0.0, 'edge_score': 0.0}
2026-08-05 22:16:22 - MultimodalPreprocessor - INFO - log_info:106 - Skip low-quality PDF image: w10-1-直线运动平台（下）_p1_img30.png | reason=too_small | stats={'width': 47.0, 'height': 73.0, 'area': 3431.0, 'mean': 0.0, 'std': 0.0, 'black_ratio': 1.0, 'white_ratio': 0.0, 'mid_ratio': 0.0, 'edge_score': 0.0}
2026-08-05 22:16:22 - MultimodalPreprocessor - INFO - log_info:106 - Skip low-quality PDF image: w10-1-直线运动平台（下）_p1_img31.png | reason=too_small | stats={'width': 30.0, 'height': 71.0, 'area': 2130.0, 'mean': 0.0, 'std': 0.0, 'black_ratio': 1.0, 'white_ratio': 0.0, 'mid_ratio': 0.0, 'edge_score': 0.0}
2026-08-05 22:16:22 - MultimodalPreprocessor - INFO - log_info:106 - Skip low-quality PDF image: w10-1-直线运动平台（下）_p1_img32.png | reason=too_small | stats={'width': 107.0, 'height': 77.0, 'area': 8239.0, 'mean': 0.0, 'std': 0.0, 'black_ratio': 1.0, 'white_ratio': 0.0, 'mid_ratio': 0.0, 'edge_score': 0.0}
2026-08-05 22:16:22 - MultimodalPreprocessor - INFO - log_info:106 - Skip low-quality PDF image: w10-1-直线运动平台（下）_p1_img33.png | reason=too_small | stats={'width': 27.0, 'height': 29.0, 'area': 783.0, 'mean': 0.0, 'std': 0.0, 'black_ratio': 1.0, 'white_ratio': 0.0, 'mid_ratio': 0.0, 'edge_score': 0.0}
2026-08-05 22:16:22 - MultimodalPreprocessor - INFO - log_info:106 - Skip low-quality PDF image: w10-1-直线运动平台（下）_p1_img34.png | reason=too_small | stats={'width': 29.0, 'height': 31.0, 'area': 899.0, 'mean': 0.0, 'std': 0.0, 'black_ratio': 1.0, 'white_ratio': 0.0, 'mid_ratio': 0.0, 'edge_score': 0.0}
2026-08-05 22:16:22 - MultimodalPreprocessor - INFO - log_info:106 - Skip low-quality PDF image: w10-1-直线运动平台（下）_p1_img35.png | reason=too_small | stats={'width': 38.0, 'height': 26.0, 'area': 988.0, 'mean': 0.0, 'std': 0.0, 'black_ratio': 1.0, 'white_ratio': 0.0, 'mid_ratio': 0.0, 'edge_score': 0.0}
2026-08-05 22:16:22 - MultimodalPreprocessor - INFO - log_info:106 - Skip low-quality PDF image: w10-1-直线运动平台（下）_p1_img36.png | reason=too_small | stats={'width': 22.0, 'height': 38.0, 'area': 836.0, 'mean': 0.0, 'std': 0.0, 'black_ratio': 1.0, 'white_ratio': 0.0, 'mid_ratio': 0.0, 'edge_score': 0.0}
2026-08-05 22:16:22 - MultimodalPreprocessor - INFO - log_info:106 - Skip low-quality PDF image: w10-1-直线运动平台（下）_p1_img37.png | reason=too_small | stats={'width': 22.0, 'height': 39.0, 'area': 858.0, 'mean': 0.0, 'std': 0.0, 'black_ratio': 1.0, 'white_ratio': 0.0, 'mid_ratio': 0.0, 'edge_score': 0.0}
2026-08-05 22:16:22 - MultimodalPreprocessor - INFO - log_info:106 - Parsing page 2/18
2026-08-05 22:16:22 - MultimodalPreprocessor - INFO - log_info:106 - Parsing page 3/18
2026-08-05 22:16:22 - MultimodalPreprocessor - INFO - log_info:106 - Parsing page 4/18
2026-08-05 22:16:22 - MultimodalPreprocessor - INFO - log_info:106 - Skip low-quality PDF image: w10-1-直线运动平台（下）_p4_img4.png | reason=flat_image | stats={'width': 413.0, 'height': 120.0, 'area': 49560.0, 'mean': 0.0, 'std': 0.0, 'black_ratio': 1.0, 'white_ratio': 0.0, 'mid_ratio': 0.0, 'edge_score': 0.0}
2026-08-05 22:16:22 - MultimodalPreprocessor - INFO - log_info:106 - Skip low-quality PDF image: w10-1-直线运动平台（下）_p4_img5.png | reason=flat_image | stats={'width': 424.0, 'height': 128.0, 'area': 54272.0, 'mean': 0.0, 'std': 0.0, 'black_ratio': 1.0, 'white_ratio': 0.0, 'mid_ratio': 0.0, 'edge_score': 0.0}
2026-08-05 22:16:22 - MultimodalPreprocessor - INFO - log_info:106 - Skip low-quality PDF image: w10-1-直线运动平台（下）_p4_img6.png | reason=flat_image | stats={'width': 246.0, 'height': 76.0, 'area': 18696.0, 'mean': 0.0, 'std': 0.0, 'black_ratio': 1.0, 'white_ratio': 0.0, 'mid_ratio': 0.0, 'edge_score': 0.0}
2026-08-05 22:16:22 - MultimodalPreprocessor - INFO - log_info:106 - Skip low-quality PDF image: w10-1-直线运动平台（下）_p4_img7.png | reason=flat_image | stats={'width': 241.0, 'height': 88.0, 'area': 21208.0, 'mean': 0.0, 'std': 0.0, 'black_ratio': 1.0, 'white_ratio': 0.0, 'mid_ratio': 0.0, 'edge_score': 0.0}
2026-08-05 22:16:22 - MultimodalPreprocessor - INFO - log_info:106 - Parsing page 5/18
2026-08-05 22:16:22 - MultimodalPreprocessor - INFO - log_info:106 - Skip low-quality PDF image: w10-1-直线运动平台（下）_p5_img2.png | reason=flat_image | stats={'width': 270.0, 'height': 148.0, 'area': 39960.0, 'mean': 0.0, 'std': 0.0, 'black_ratio': 1.0, 'white_ratio': 0.0, 'mid_ratio': 0.0, 'edge_score': 0.0}
2026-08-05 22:16:22 - MultimodalPreprocessor - INFO - log_info:106 - Skip low-quality PDF image: w10-1-直线运动平台（下）_p5_img3.png | reason=flat_image | stats={'width': 288.0, 'height': 156.0, 'area': 44928.0, 'mean': 0.0, 'std': 0.0, 'black_ratio': 1.0, 'white_ratio': 0.0, 'mid_ratio': 0.0, 'edge_score': 0.0}
2026-08-05 22:16:22 - MultimodalPreprocessor - INFO - log_info:106 - Skip low-quality PDF image: w10-1-直线运动平台（下）_p5_img4.png | reason=flat_image | stats={'width': 246.0, 'height': 76.0, 'area': 18696.0, 'mean': 0.0, 'std': 0.0, 'black_ratio': 1.0, 'white_ratio': 0.0, 'mid_ratio': 0.0, 'edge_score': 0.0}
2026-08-05 22:16:22 - MultimodalPreprocessor - INFO - log_info:106 - Skip low-quality PDF image: w10-1-直线运动平台（下）_p5_img5.png | reason=flat_image | stats={'width': 241.0, 'height': 88.0, 'area': 21208.0, 'mean': 0.0, 'std': 0.0, 'black_ratio': 1.0, 'white_ratio': 0.0, 'mid_ratio': 0.0, 'edge_score': 0.0}
2026-08-05 22:16:22 - MultimodalPreprocessor - INFO - log_info:106 - Skip low-quality PDF image: w10-1-直线运动平台（下）_p5_img6.png | reason=flat_image | stats={'width': 418.0, 'height': 148.0, 'area': 61864.0, 'mean': 0.0, 'std': 0.0, 'black_ratio': 1.0, 'white_ratio': 0.0, 'mid_ratio': 0.0, 'edge_score': 0.0}
2026-08-05 22:16:22 - MultimodalPreprocessor - INFO - log_info:106 - Skip low-quality PDF image: w10-1-直线运动平台（下）_p5_img7.png | reason=flat_image | stats={'width': 438.0, 'height': 156.0, 'area': 68328.0, 'mean': 0.0, 'std': 0.0, 'black_ratio': 1.0, 'white_ratio': 0.0, 'mid_ratio': 0.0, 'edge_score': 0.0}
2026-08-05 22:16:22 - MultimodalPreprocessor - INFO - log_info:106 - Parsing page 6/18
2026-08-05 22:16:22 - MultimodalPreprocessor - INFO - log_info:106 - Skip low-quality PDF image: w10-1-直线运动平台（下）_p6_img3.png | reason=flat_image | stats={'width': 270.0, 'height': 132.0, 'area': 35640.0, 'mean': 0.0, 'std': 0.0, 'black_ratio': 1.0, 'white_ratio': 0.0, 'mid_ratio': 0.0, 'edge_score': 0.0}
2026-08-05 22:16:22 - MultimodalPreprocessor - INFO - log_info:106 - Skip low-quality PDF image: w10-1-直线运动平台（下）_p6_img4.png | reason=flat_image | stats={'width': 288.0, 'height': 142.0, 'area': 40896.0, 'mean': 0.0, 'std': 0.0, 'black_ratio': 1.0, 'white_ratio': 0.0, 'mid_ratio': 0.0, 'edge_score': 0.0}
2026-08-05 22:16:22 - MultimodalPreprocessor - INFO - log_info:106 - Parsing page 7/18
2026-08-05 22:16:22 - MultimodalPreprocessor - INFO - log_info:106 - Parsing page 8/18
2026-08-05 22:16:23 - MultimodalPreprocessor - INFO - log_info:106 - Skip low-quality PDF image: w10-1-直线运动平台（下）_p8_img2.png | reason=flat_image | stats={'width': 246.0, 'height': 76.0, 'area': 18696.0, 'mean': 0.0, 'std': 0.0, 'black_ratio': 1.0, 'white_ratio': 0.0, 'mid_ratio': 0.0, 'edge_score': 0.0}
2026-08-05 22:16:23 - MultimodalPreprocessor - INFO - log_info:106 - Skip low-quality PDF image: w10-1-直线运动平台（下）_p8_img3.png | reason=flat_image | stats={'width': 241.0, 'height': 88.0, 'area': 21208.0, 'mean': 0.0, 'std': 0.0, 'black_ratio': 1.0, 'white_ratio': 0.0, 'mid_ratio': 0.0, 'edge_score': 0.0}
2026-08-05 22:16:23 - MultimodalPreprocessor - INFO - log_info:106 - Parsing page 9/18
2026-08-05 22:16:23 - MultimodalPreprocessor - INFO - log_info:106 - Skip low-quality PDF image: w10-1-直线运动平台（下）_p9_img2.png | reason=flat_image | stats={'width': 246.0, 'height': 76.0, 'area': 18696.0, 'mean': 0.0, 'std': 0.0, 'black_ratio': 1.0, 'white_ratio': 0.0, 'mid_ratio': 0.0, 'edge_score': 0.0}
2026-08-05 22:16:23 - MultimodalPreprocessor - INFO - log_info:106 - Skip low-quality PDF image: w10-1-直线运动平台（下）_p9_img3.png | reason=flat_image | stats={'width': 241.0, 'height': 88.0, 'area': 21208.0, 'mean': 0.0, 'std': 0.0, 'black_ratio': 1.0, 'white_ratio': 0.0, 'mid_ratio': 0.0, 'edge_score': 0.0}
2026-08-05 22:16:23 - MultimodalPreprocessor - INFO - log_info:106 - Parsing page 10/18
2026-08-05 22:16:23 - MultimodalPreprocessor - INFO - log_info:106 - Parsing page 11/18
2026-08-05 22:16:23 - MultimodalPreprocessor - INFO - log_info:106 - Parsing page 12/18
2026-08-05 22:16:23 - MultimodalPreprocessor - INFO - log_info:106 - Parsing page 13/18
2026-08-05 22:16:23 - MultimodalPreprocessor - INFO - log_info:106 - Parsing page 14/18
2026-08-05 22:16:23 - MultimodalPreprocessor - INFO - log_info:106 - Parsing page 15/18
2026-08-05 22:16:23 - MultimodalPreprocessor - INFO - log_info:106 - Parsing page 16/18
2026-08-05 22:16:23 - MultimodalPreprocessor - INFO - log_info:106 - Parsing page 17/18
2026-08-05 22:16:23 - MultimodalPreprocessor - INFO - log_info:106 - Parsing page 18/18
2026-08-05 22:16:23 - MultimodalPreprocessor - INFO - log_info:106 - Skip low-quality PDF image: w10-1-直线运动平台（下）_p18_img2.png | reason=flat_image | stats={'width': 317.0, 'height': 342.0, 'area': 108414.0, 'mean': 0.0, 'std': 0.0, 'black_ratio': 1.0, 'white_ratio': 0.0, 'mid_ratio': 0.0, 'edge_score': 0.0}
2026-08-05 22:16:23 - MultimodalPreprocessor - INFO - log_info:106 - Skip low-quality PDF image: w10-1-直线运动平台（下）_p18_img3.png | reason=too_small | stats={'width': 22.0, 'height': 38.0, 'area': 836.0, 'mean': 0.0, 'std': 0.0, 'black_ratio': 1.0, 'white_ratio': 0.0, 'mid_ratio': 0.0, 'edge_score': 0.0}
2026-08-05 22:16:23 - MultimodalPreprocessor - INFO - log_info:106 - Skip low-quality PDF image: w10-1-直线运动平台（下）_p18_img4.png | reason=too_small | stats={'width': 53.0, 'height': 58.0, 'area': 3074.0, 'mean': 0.0, 'std': 0.0, 'black_ratio': 1.0, 'white_ratio': 0.0, 'mid_ratio': 0.0, 'edge_score': 0.0}
2026-08-05 22:16:23 - MultimodalPreprocessor - INFO - log_info:106 - Skip low-quality PDF image: w10-1-直线运动平台（下）_p18_img5.png | reason=too_small | stats={'width': 54.0, 'height': 82.0, 'area': 4428.0, 'mean': 0.0, 'std': 0.0, 'black_ratio': 1.0, 'white_ratio': 0.0, 'mid_ratio': 0.0, 'edge_score': 0.0}
2026-08-05 22:16:23 - MultimodalPreprocessor - INFO - log_info:106 - Skip low-quality PDF image: w10-1-直线运动平台（下）_p18_img6.png | reason=too_small | stats={'width': 22.0, 'height': 23.0, 'area': 506.0, 'mean': 0.0, 'std': 0.0, 'black_ratio': 1.0, 'white_ratio': 0.0, 'mid_ratio': 0.0, 'edge_score': 0.0}
2026-08-05 22:16:23 - MultimodalPreprocessor - INFO - log_info:106 - Skip low-quality PDF image: w10-1-直线运动平台（下）_p18_img7.png | reason=too_small | stats={'width': 31.0, 'height': 31.0, 'area': 961.0, 'mean': 0.0, 'std': 0.0, 'black_ratio': 1.0, 'white_ratio': 0.0, 'mid_ratio': 0.0, 'edge_score': 0.0}
2026-08-05 22:16:23 - MultimodalPreprocessor - INFO - log_info:106 - Skip low-quality PDF image: w10-1-直线运动平台（下）_p18_img8.png | reason=too_small | stats={'width': 30.0, 'height': 31.0, 'area': 930.0, 'mean': 0.0, 'std': 0.0, 'black_ratio': 1.0, 'white_ratio': 0.0, 'mid_ratio': 0.0, 'edge_score': 0.0}
2026-08-05 22:16:23 - MultimodalPreprocessor - INFO - log_info:106 - Skip low-quality PDF image: w10-1-直线运动平台（下）_p18_img9.png | reason=too_small | stats={'width': 28.0, 'height': 31.0, 'area': 868.0, 'mean': 0.0, 'std': 0.0, 'black_ratio': 1.0, 'white_ratio': 0.0, 'mid_ratio': 0.0, 'edge_score': 0.0}
2026-08-05 22:16:23 - MultimodalPreprocessor - INFO - log_info:106 - Skip low-quality PDF image: w10-1-直线运动平台（下）_p18_img10.png | reason=too_small | stats={'width': 30.0, 'height': 33.0, 'area': 990.0, 'mean': 0.0, 'std': 0.0, 'black_ratio': 1.0, 'white_ratio': 0.0, 'mid_ratio': 0.0, 'edge_score': 0.0}
2026-08-05 22:16:23 - MultimodalPreprocessor - INFO - log_info:106 - Skip low-quality PDF image: w10-1-直线运动平台（下）_p18_img11.png | reason=too_small | stats={'width': 31.0, 'height': 31.0, 'area': 961.0, 'mean': 0.0, 'std': 0.0, 'black_ratio': 1.0, 'white_ratio': 0.0, 'mid_ratio': 0.0, 'edge_score': 0.0}
2026-08-05 22:16:23 - MultimodalPreprocessor - INFO - log_info:106 - Skip low-quality PDF image: w10-1-直线运动平台（下）_p18_img12.png | reason=flat_image | stats={'width': 317.0, 'height': 342.0, 'area': 108414.0, 'mean': 0.0, 'std': 0.0, 'black_ratio': 1.0, 'white_ratio': 0.0, 'mid_ratio': 0.0, 'edge_score': 0.0}
2026-08-05 22:16:23 - MultimodalPreprocessor - INFO - log_info:106 - Skip low-quality PDF image: w10-1-直线运动平台（下）_p18_img13.png | reason=too_small | stats={'width': 25.0, 'height': 196.0, 'area': 4900.0, 'mean': 0.0, 'std': 0.0, 'black_ratio': 1.0, 'white_ratio': 0.0, 'mid_ratio': 0.0, 'edge_score': 0.0}
2026-08-05 22:16:23 - MultimodalPreprocessor - INFO - log_info:106 - Skip low-quality PDF image: w10-1-直线运动平台（下）_p18_img14.png | reason=flat_image | stats={'width': 101.0, 'height': 150.0, 'area': 15150.0, 'mean': 0.0, 'std': 0.0, 'black_ratio': 1.0, 'white_ratio': 0.0, 'mid_ratio': 0.0, 'edge_score': 0.0}
2026-08-05 22:16:23 - MultimodalPreprocessor - INFO - log_info:106 - Skip low-quality PDF image: w10-1-直线运动平台（下）_p18_img15.png | reason=too_small | stats={'width': 80.0, 'height': 60.0, 'area': 4800.0, 'mean': 0.0, 'std': 0.0, 'black_ratio': 1.0, 'white_ratio': 0.0, 'mid_ratio': 0.0, 'edge_score': 0.0}
2026-08-05 22:16:23 - MultimodalPreprocessor - INFO - log_info:106 - Skip low-quality PDF image: w10-1-直线运动平台（下）_p18_img16.png | reason=too_small | stats={'width': 47.0, 'height': 47.0, 'area': 2209.0, 'mean': 0.0, 'std': 0.0, 'black_ratio': 1.0, 'white_ratio': 0.0, 'mid_ratio': 0.0, 'edge_score': 0.0}
2026-08-05 22:16:23 - MultimodalPreprocessor - INFO - log_info:106 - Skip low-quality PDF image: w10-1-直线运动平台（下）_p18_img17.png | reason=flat_image | stats={'width': 268.0, 'height': 150.0, 'area': 40200.0, 'mean': 0.0, 'std': 0.0, 'black_ratio': 1.0, 'white_ratio': 0.0, 'mid_ratio': 0.0, 'edge_score': 0.0}
2026-08-05 22:16:23 - MultimodalPreprocessor - INFO - log_info:106 - Skip low-quality PDF image: w10-1-直线运动平台（下）_p18_img18.png | reason=flat_image | stats={'width': 260.0, 'height': 86.0, 'area': 22360.0, 'mean': 0.0, 'std': 0.0, 'black_ratio': 1.0, 'white_ratio': 0.0, 'mid_ratio': 0.0, 'edge_score': 0.0}
2026-08-05 22:16:23 - MultimodalPreprocessor - INFO - log_info:106 - Skip low-quality PDF image: w10-1-直线运动平台（下）_p18_img19.png | reason=too_small | stats={'width': 85.0, 'height': 62.0, 'area': 5270.0, 'mean': 0.0, 'std': 0.0, 'black_ratio': 1.0, 'white_ratio': 0.0, 'mid_ratio': 0.0, 'edge_score': 0.0}
2026-08-05 22:16:23 - MultimodalPreprocessor - INFO - log_info:106 - Skip low-quality PDF image: w10-1-直线运动平台（下）_p18_img20.png | reason=too_small | stats={'width': 19.0, 'height': 62.0, 'area': 1178.0, 'mean': 0.0, 'std': 0.0, 'black_ratio': 1.0, 'white_ratio': 0.0, 'mid_ratio': 0.0, 'edge_score': 0.0}
2026-08-05 22:16:23 - MultimodalPreprocessor - INFO - log_info:106 - Skip low-quality PDF image: w10-1-直线运动平台（下）_p18_img21.png | reason=too_small | stats={'width': 240.0, 'height': 51.0, 'area': 12240.0, 'mean': 0.0, 'std': 0.0, 'black_ratio': 1.0, 'white_ratio': 0.0, 'mid_ratio': 0.0, 'edge_score': 0.0}
2026-08-05 22:16:23 - MultimodalPreprocessor - INFO - log_info:106 - Skip low-quality PDF image: w10-1-直线运动平台（下）_p18_img22.png | reason=too_small | stats={'width': 201.0, 'height': 50.0, 'area': 10050.0, 'mean': 0.0, 'std': 0.0, 'black_ratio': 1.0, 'white_ratio': 0.0, 'mid_ratio': 0.0, 'edge_score': 0.0}
2026-08-05 22:16:23 - MultimodalPreprocessor - INFO - log_info:106 - Skip low-quality PDF image: w10-1-直线运动平台（下）_p18_img23.png | reason=too_small | stats={'width': 44.0, 'height': 46.0, 'area': 2024.0, 'mean': 0.0, 'std': 0.0, 'black_ratio': 1.0, 'white_ratio': 0.0, 'mid_ratio': 0.0, 'edge_score': 0.0}
2026-08-05 22:16:23 - MultimodalPreprocessor - INFO - log_info:106 - Skip low-quality PDF image: w10-1-直线运动平台（下）_p18_img24.png | reason=too_small | stats={'width': 41.0, 'height': 200.0, 'area': 8200.0, 'mean': 0.0, 'std': 0.0, 'black_ratio': 1.0, 'white_ratio': 0.0, 'mid_ratio': 0.0, 'edge_score': 0.0}
2026-08-05 22:16:23 - MultimodalPreprocessor - INFO - log_info:106 - Skip low-quality PDF image: w10-1-直线运动平台（下）_p18_img25.png | reason=too_small | stats={'width': 26.0, 'height': 45.0, 'area': 1170.0, 'mean': 0.0, 'std': 0.0, 'black_ratio': 1.0, 'white_ratio': 0.0, 'mid_ratio': 0.0, 'edge_score': 0.0}
2026-08-05 22:16:23 - MultimodalPreprocessor - INFO - log_info:106 - Skip low-quality PDF image: w10-1-直线运动平台（下）_p18_img26.png | reason=too_small | stats={'width': 30.0, 'height': 33.0, 'area': 990.0, 'mean': 0.0, 'std': 0.0, 'black_ratio': 1.0, 'white_ratio': 0.0, 'mid_ratio': 0.0, 'edge_score': 0.0}
2026-08-05 22:16:23 - MultimodalPreprocessor - INFO - log_info:106 - Skip low-quality PDF image: w10-1-直线运动平台（下）_p18_img27.png | reason=too_small | stats={'width': 54.0, 'height': 82.0, 'area': 4428.0, 'mean': 0.0, 'std': 0.0, 'black_ratio': 1.0, 'white_ratio': 0.0, 'mid_ratio': 0.0, 'edge_score': 0.0}
2026-08-05 22:16:23 - MultimodalPreprocessor - INFO - log_info:106 - Skip low-quality PDF image: w10-1-直线运动平台（下）_p18_img28.png | reason=too_small | stats={'width': 53.0, 'height': 58.0, 'area': 3074.0, 'mean': 0.0, 'std': 0.0, 'black_ratio': 1.0, 'white_ratio': 0.0, 'mid_ratio': 0.0, 'edge_score': 0.0}
2026-08-05 22:16:23 - MultimodalPreprocessor - INFO - log_info:106 - Skip low-quality PDF image: w10-1-直线运动平台（下）_p18_img29.png | reason=too_small | stats={'width': 41.0, 'height': 44.0, 'area': 1804.0, 'mean': 0.0, 'std': 0.0, 'black_ratio': 1.0, 'white_ratio': 0.0, 'mid_ratio': 0.0, 'edge_score': 0.0}
2026-08-05 22:16:23 - MultimodalPreprocessor - INFO - log_info:106 - Skip low-quality PDF image: w10-1-直线运动平台（下）_p18_img30.png | reason=too_small | stats={'width': 47.0, 'height': 73.0, 'area': 3431.0, 'mean': 0.0, 'std': 0.0, 'black_ratio': 1.0, 'white_ratio': 0.0, 'mid_ratio': 0.0, 'edge_score': 0.0}
2026-08-05 22:16:23 - MultimodalPreprocessor - INFO - log_info:106 - Skip low-quality PDF image: w10-1-直线运动平台（下）_p18_img31.png | reason=too_small | stats={'width': 30.0, 'height': 71.0, 'area': 2130.0, 'mean': 0.0, 'std': 0.0, 'black_ratio': 1.0, 'white_ratio': 0.0, 'mid_ratio': 0.0, 'edge_score': 0.0}
2026-08-05 22:16:23 - MultimodalPreprocessor - INFO - log_info:106 - Skip low-quality PDF image: w10-1-直线运动平台（下）_p18_img32.png | reason=too_small | stats={'width': 107.0, 'height': 77.0, 'area': 8239.0, 'mean': 0.0, 'std': 0.0, 'black_ratio': 1.0, 'white_ratio': 0.0, 'mid_ratio': 0.0, 'edge_score': 0.0}
2026-08-05 22:16:23 - MultimodalPreprocessor - INFO - log_info:106 - Skip low-quality PDF image: w10-1-直线运动平台（下）_p18_img33.png | reason=too_small | stats={'width': 27.0, 'height': 29.0, 'area': 783.0, 'mean': 0.0, 'std': 0.0, 'black_ratio': 1.0, 'white_ratio': 0.0, 'mid_ratio': 0.0, 'edge_score': 0.0}
2026-08-05 22:16:23 - MultimodalPreprocessor - INFO - log_info:106 - Skip low-quality PDF image: w10-1-直线运动平台（下）_p18_img34.png | reason=too_small | stats={'width': 29.0, 'height': 31.0, 'area': 899.0, 'mean': 0.0, 'std': 0.0, 'black_ratio': 1.0, 'white_ratio': 0.0, 'mid_ratio': 0.0, 'edge_score': 0.0}
2026-08-05 22:16:23 - MultimodalPreprocessor - INFO - log_info:106 - Skip low-quality PDF image: w10-1-直线运动平台（下）_p18_img35.png | reason=too_small | stats={'width': 38.0, 'height': 26.0, 'area': 988.0, 'mean': 0.0, 'std': 0.0, 'black_ratio': 1.0, 'white_ratio': 0.0, 'mid_ratio': 0.0, 'edge_score': 0.0}
2026-08-05 22:16:23 - MultimodalPreprocessor - INFO - log_info:106 - Skip low-quality PDF image: w10-1-直线运动平台（下）_p18_img36.png | reason=too_small | stats={'width': 22.0, 'height': 38.0, 'area': 836.0, 'mean': 0.0, 'std': 0.0, 'black_ratio': 1.0, 'white_ratio': 0.0, 'mid_ratio': 0.0, 'edge_score': 0.0}
2026-08-05 22:16:23 - MultimodalPreprocessor - INFO - log_info:106 - Skip low-quality PDF image: w10-1-直线运动平台（下）_p18_img37.png | reason=too_small | stats={'width': 22.0, 'height': 39.0, 'area': 858.0, 'mean': 0.0, 'std': 0.0, 'black_ratio': 1.0, 'white_ratio': 0.0, 'mid_ratio': 0.0, 'edge_score': 0.0}
2026-08-05 22:16:23 - MultimodalPreprocessor - INFO - log_info:106 - Skip repeated PDF logo/watermark: w10-1-直线运动平台（下）_p1_img1.png | signature=raster:152x156:6055:07e01b3826fc74be719ebffffff7fff5af75cf75d9e301204d3232d416d807e0
2026-08-05 22:16:23 - MultimodalPreprocessor - INFO - log_info:106 - Skip repeated PDF logo/watermark: w10-1-直线运动平台（下）_p2_img1.png | signature=raster:152x156:6055:07e01b3826fc74be719ebffffff7fff5af75cf75d9e301204d3232d416d807e0
2026-08-05 22:16:23 - MultimodalPreprocessor - INFO - log_info:106 - Skip repeated PDF logo/watermark: w10-1-直线运动平台（下）_p3_img1.png | signature=raster:152x156:6055:07e01b3826fc74be719ebffffff7fff5af75cf75d9e301204d3232d416d807e0
2026-08-05 22:16:23 - MultimodalPreprocessor - INFO - log_info:106 - Skip repeated PDF logo/watermark: w10-1-直线运动平台（下）_p4_img1.png | signature=raster:152x156:6055:07e01b3826fc74be719ebffffff7fff5af75cf75d9e301204d3232d416d807e0
2026-08-05 22:16:23 - MultimodalPreprocessor - INFO - log_info:106 - Skip repeated PDF logo/watermark: w10-1-直线运动平台（下）_p5_img1.png | signature=raster:152x156:6055:07e01b3826fc74be719ebffffff7fff5af75cf75d9e301204d3232d416d807e0
2026-08-05 22:16:23 - MultimodalPreprocessor - INFO - log_info:106 - Skip repeated PDF logo/watermark: w10-1-直线运动平台（下）_p6_img1.png | signature=raster:152x156:6055:07e01b3826fc74be719ebffffff7fff5af75cf75d9e301204d3232d416d807e0
2026-08-05 22:16:23 - MultimodalPreprocessor - INFO - log_info:106 - Skip repeated PDF logo/watermark: w10-1-直线运动平台（下）_p7_img1.png | signature=raster:152x156:6055:07e01b3826fc74be719ebffffff7fff5af75cf75d9e301204d3232d416d807e0
2026-08-05 22:16:23 - MultimodalPreprocessor - INFO - log_info:106 - Skip repeated PDF logo/watermark: w10-1-直线运动平台（下）_p8_img1.png | signature=raster:152x156:6055:07e01b3826fc74be719ebffffff7fff5af75cf75d9e301204d3232d416d807e0
2026-08-05 22:16:23 - MultimodalPreprocessor - INFO - log_info:106 - Skip repeated PDF logo/watermark: w10-1-直线运动平台（下）_p9_img1.png | signature=raster:152x156:6055:07e01b3826fc74be719ebffffff7fff5af75cf75d9e301204d3232d416d807e0
2026-08-05 22:16:23 - MultimodalPreprocessor - INFO - log_info:106 - Skip repeated PDF logo/watermark: w10-1-直线运动平台（下）_p10_img1.png | signature=raster:152x156:6055:07e01b3826fc74be719ebffffff7fff5af75cf75d9e301204d3232d416d807e0
2026-08-05 22:16:23 - MultimodalPreprocessor - INFO - log_info:106 - Skip repeated PDF logo/watermark: w10-1-直线运动平台（下）_p11_img1.png | signature=raster:152x156:6055:07e01b3826fc74be719ebffffff7fff5af75cf75d9e301204d3232d416d807e0
2026-08-05 22:16:23 - MultimodalPreprocessor - INFO - log_info:106 - Skip repeated PDF logo/watermark: w10-1-直线运动平台（下）_p12_img1.png | signature=raster:152x156:6055:07e01b3826fc74be719ebffffff7fff5af75cf75d9e301204d3232d416d807e0
2026-08-05 22:16:23 - MultimodalPreprocessor - INFO - log_info:106 - Skip repeated PDF logo/watermark: w10-1-直线运动平台（下）_p13_img1.png | signature=raster:152x156:6055:07e01b3826fc74be719ebffffff7fff5af75cf75d9e301204d3232d416d807e0
2026-08-05 22:16:23 - MultimodalPreprocessor - INFO - log_info:106 - Skip repeated PDF logo/watermark: w10-1-直线运动平台（下）_p14_img1.png | signature=raster:152x156:6055:07e01b3826fc74be719ebffffff7fff5af75cf75d9e301204d3232d416d807e0
2026-08-05 22:16:23 - MultimodalPreprocessor - INFO - log_info:106 - Skip repeated PDF logo/watermark: w10-1-直线运动平台（下）_p15_img1.png | signature=raster:152x156:6055:07e01b3826fc74be719ebffffff7fff5af75cf75d9e301204d3232d416d807e0
2026-08-05 22:16:23 - MultimodalPreprocessor - INFO - log_info:106 - Skip repeated PDF logo/watermark: w10-1-直线运动平台（下）_p16_img1.png | signature=raster:152x156:6055:07e01b3826fc74be719ebffffff7fff5af75cf75d9e301204d3232d416d807e0
2026-08-05 22:16:23 - MultimodalPreprocessor - INFO - log_info:106 - Skip repeated PDF logo/watermark: w10-1-直线运动平台（下）_p17_img1.png | signature=raster:152x156:6055:07e01b3826fc74be719ebffffff7fff5af75cf75d9e301204d3232d416d807e0
2026-08-05 22:16:23 - MultimodalPreprocessor - INFO - log_info:106 - Skip repeated PDF logo/watermark: w10-1-直线运动平台（下）_p18_img1.png | signature=raster:152x156:6055:07e01b3826fc74be719ebffffff7fff5af75cf75d9e301204d3232d416d807e0
2026-08-05 22:16:23 - MultimodalPreprocessor - INFO - log_info:106 - PDF parsed: w10-1-直线运动平台（下）
2026-08-05 22:19:27 - MultimodalPreprocessor - INFO - finalize:445 - Unified knowledge export completed
2026-08-05 22:19:27 - MultimodalPreprocessor - INFO - save_metadata:342 - 保存元数据: output\qwen_qwen3.7-plus_1\debug\document_metadata\w10-1-直线运动平台（下）_pdf_metadata.json
2026-08-05 22:19:27 - MultimodalPreprocessor - INFO - process_pdf:360 - PDF处理完成: w10-1-直线运动平台（下）_pdf
2026-08-05 22:19:27 - Main - INFO - main:655 - 完成处理文件 [3/4]: input\w10-1-直线运动平台（下）.pdf
2026-08-05 22:19:27 - Main - INFO - main:650 - 开始处理文件 [4/4]: input\w10-1-直线运动平台（下）.pptx
2026-08-05 22:19:27 - MultimodalPreprocessor - INFO - process_file:266 - 开始处理文件: input\w10-1-直线运动平台（下）.pptx
2026-08-05 22:19:27 - MultimodalPreprocessor - INFO - process_pptx:370 - 开始处理PPTX: input\w10-1-直线运动平台（下）.pptx
2026-08-05 22:19:27 - MultimodalPreprocessor - INFO - log_info:106 - Start parsing PPTX: input\w10-1-直线运动平台（下）.pptx
2026-08-05 22:19:27 - MultimodalPreprocessor - INFO - log_info:106 - Parsing slide 1/18
2026-08-05 22:19:27 - MultimodalPreprocessor - INFO - log_info:106 - Parsing slide 2/18
2026-08-05 22:19:27 - MultimodalPreprocessor - INFO - log_info:106 - Parsing slide 3/18
2026-08-05 22:19:27 - MultimodalPreprocessor - INFO - log_info:106 - Parsing slide 4/18
2026-08-05 22:19:28 - MultimodalPreprocessor - INFO - log_info:106 - Parsing slide 5/18
2026-08-05 22:19:28 - MultimodalPreprocessor - INFO - log_info:106 - Parsing slide 6/18
2026-08-05 22:19:28 - MultimodalPreprocessor - INFO - log_info:106 - Parsing slide 7/18
2026-08-05 22:19:28 - MultimodalPreprocessor - INFO - log_info:106 - Parsing slide 8/18
2026-08-05 22:19:28 - MultimodalPreprocessor - INFO - log_info:106 - Parsing slide 9/18
2026-08-05 22:19:28 - MultimodalPreprocessor - INFO - log_info:106 - Parsing slide 10/18
2026-08-05 22:19:28 - MultimodalPreprocessor - INFO - log_info:106 - Parsing slide 11/18
2026-08-05 22:19:28 - MultimodalPreprocessor - INFO - log_info:106 - Parsing slide 12/18
2026-08-05 22:19:28 - MultimodalPreprocessor - INFO - log_info:106 - Parsing slide 13/18
2026-08-05 22:19:28 - MultimodalPreprocessor - INFO - log_info:106 - Parsing slide 14/18
2026-08-05 22:19:28 - MultimodalPreprocessor - INFO - log_info:106 - Parsing slide 15/18
2026-08-05 22:19:28 - MultimodalPreprocessor - INFO - log_info:106 - Parsing slide 16/18
2026-08-05 22:19:28 - MultimodalPreprocessor - INFO - log_info:106 - Parsing slide 17/18
2026-08-05 22:19:28 - MultimodalPreprocessor - INFO - log_info:106 - Parsing slide 18/18
2026-08-05 22:19:28 - MultimodalPreprocessor - INFO - log_info:106 - Extract images via zip
2026-08-05 22:19:28 - MultimodalPreprocessor - INFO - log_info:106 - Skip low-quality PPTX image: w10-1-直线运动平台（下）_slide_11_img_1.png | reason=mostly_black_or_white | stats={'width': 1070.0, 'height': 821.0, 'area': 878470.0, 'mean': 3.3684079517039085, 'std': 14.043879612800136, 'black_ratio': 0.9360422097510445, 'white_ratio': 0.0, 'mid_ratio': 0.06395779024895556, 'edge_score': 0.8728910343115119}
2026-08-05 22:19:28 - MultimodalPreprocessor - INFO - log_info:106 - Skip low-quality PPTX image: w10-1-直线运动平台（下）_slide_12_img_2.png | reason=mostly_black_or_white | stats={'width': 1795.0, 'height': 821.0, 'area': 1473695.0, 'mean': 3.52686704734245, 'std': 13.96171210932013, 'black_ratio': 0.9323964592402091, 'white_ratio': 0.0, 'mid_ratio': 0.06760354075979087, 'edge_score': 0.6195479875992311}
2026-08-05 22:19:29 - MultimodalPreprocessor - INFO - log_info:106 - Skip low-quality PPTX image: w10-1-直线运动平台（下）_slide_13_img_2.png | reason=low_information | stats={'width': 1810.0, 'height': 830.0, 'area': 1502300.0, 'mean': 4.619561783043777, 'std': 15.119808758231175, 'black_ratio': 0.9115509552020236, 'white_ratio': 0.0, 'mid_ratio': 0.08844904479797644, 'edge_score': 0.8723425391584637}
2026-08-05 22:19:29 - MultimodalPreprocessor - INFO - log_info:106 - Skip low-quality PPTX image: w10-1-直线运动平台（下）_slide_14_img_2.png | reason=low_information | stats={'width': 1795.0, 'height': 821.0, 'area': 1473695.0, 'mean': 4.827103753942752, 'std': 15.923763673810164, 'black_ratio': 0.9128293167853593, 'white_ratio': 0.0, 'mid_ratio': 0.08717068321464075, 'edge_score': 1.0251147459247365}
2026-08-05 22:19:29 - MultimodalPreprocessor - INFO - log_info:106 - Skip low-quality PPTX image: w10-1-直线运动平台（下）_slide_15_img_2.png | reason=mostly_black_or_white | stats={'width': 1795.0, 'height': 824.0, 'area': 1479080.0, 'mean': 3.3462983746653325, 'std': 14.257625452592372, 'black_ratio': 0.9396219271439002, 'white_ratio': 0.0, 'mid_ratio': 0.06037807285609974, 'edge_score': 0.817557365567162}
2026-08-05 22:19:29 - MultimodalPreprocessor - INFO - log_info:106 - Skip low-quality PPTX image: w10-1-直线运动平台（下）_slide_16_img_1.png | reason=mostly_black_or_white | stats={'width': 1800.0, 'height': 781.0, 'area': 1405800.0, 'mean': 4.167788922084697, 'std': 15.786575692310572, 'black_ratio': 0.9222741499502063, 'white_ratio': 0.0, 'mid_ratio': 0.07772585004979371, 'edge_score': 0.8509597567603131}
2026-08-05 22:19:29 - MultimodalPreprocessor - INFO - log_info:106 - Convert vector image: .wmf -> PNG
2026-08-05 22:19:29 - MultimodalPreprocessor - INFO - log_info:106 - wand not installed, vector image conversion unavailable
2026-08-05 22:19:29 - MultimodalPreprocessor - WARNING - log_warning:120 - Skip vector image after conversion failure: output\qwen_qwen3.7-plus_1\debug\images\w10-1-直线运动平台（下）_slide_3_img_1.wmf
2026-08-05 22:19:29 - MultimodalPreprocessor - WARNING - log_warning:120 - Skip unconvertible vector image: output\qwen_qwen3.7-plus_1\debug\images\w10-1-直线运动平台（下）_slide_3_img_1.wmf
2026-08-05 22:19:29 - MultimodalPreprocessor - INFO - log_info:106 - Convert vector image: .emf -> PNG
2026-08-05 22:19:29 - MultimodalPreprocessor - INFO - log_info:106 - wand not installed, vector image conversion unavailable
2026-08-05 22:19:29 - MultimodalPreprocessor - WARNING - log_warning:120 - Skip vector image after conversion failure: output\qwen_qwen3.7-plus_1\debug\images\w10-1-直线运动平台（下）_slide_7_img_2.emf
2026-08-05 22:19:29 - MultimodalPreprocessor - WARNING - log_warning:120 - Skip unconvertible vector image: output\qwen_qwen3.7-plus_1\debug\images\w10-1-直线运动平台（下）_slide_7_img_2.emf
2026-08-05 22:19:29 - MultimodalPreprocessor - INFO - log_info:106 - Skip low-quality PPTX image: w10-1-直线运动平台（下）_slide_8_img_1.png | reason=mostly_black_or_white | stats={'width': 1800.0, 'height': 821.0, 'area': 1477800.0, 'mean': 4.0440916677944685, 'std': 15.951836124065602, 'black_ratio': 0.9273846257951008, 'white_ratio': 0.0, 'mid_ratio': 0.07261537420489918, 'edge_score': 0.8584858720104332}
2026-08-05 22:19:29 - MultimodalPreprocessor - INFO - log_info:106 - Skip low-quality PPTX image: w10-1-直线运动平台（下）_slide_9_img_1.png | reason=mostly_black_or_white | stats={'width': 1800.0, 'height': 855.0, 'area': 1539000.0, 'mean': 4.2995224171539945, 'std': 16.38100863363959, 'black_ratio': 0.9238044184535412, 'white_ratio': 0.0, 'mid_ratio': 0.07619558154645874, 'edge_score': 0.8769361959167086}
2026-08-05 22:19:29 - MultimodalPreprocessor - INFO - log_info:106 - Extracted 15 images
2026-08-05 22:19:29 - MultimodalPreprocessor - INFO - log_info:106 - PPTX parsed: w10-1-直线运动平台（下）
2026-08-05 22:19:55 - MultimodalPreprocessor - INFO - save_formulas:179 - 保存 1 个公式: JSON=output\qwen_qwen3.7-plus_1\debug\formulas\w10-1-直线运动平台（下）_pptx_page_4_formulas.json, CSV=output\qwen_qwen3.7-plus_1\debug\formulas\w10-1-直线运动平台（下）_pptx_page_4_formulas.csv
2026-08-05 22:21:07 - MultimodalPreprocessor - INFO - save_formulas:179 - 保存 1 个公式: JSON=output\qwen_qwen3.7-plus_1\debug\formulas\w10-1-直线运动平台（下）_pptx_page_4_formulas.json, CSV=output\qwen_qwen3.7-plus_1\debug\formulas\w10-1-直线运动平台（下）_pptx_page_4_formulas.csv
2026-08-05 22:21:58 - MultimodalPreprocessor - INFO - save_formulas:179 - 保存 1 个公式: JSON=output\qwen_qwen3.7-plus_1\debug\formulas\w10-1-直线运动平台（下）_pptx_page_4_formulas.json, CSV=output\qwen_qwen3.7-plus_1\debug\formulas\w10-1-直线运动平台（下）_pptx_page_4_formulas.csv
2026-08-05 22:22:42 - MultimodalPreprocessor - INFO - save_formulas:179 - 保存 1 个公式: JSON=output\qwen_qwen3.7-plus_1\debug\formulas\w10-1-直线运动平台（下）_pptx_page_5_formulas.json, CSV=output\qwen_qwen3.7-plus_1\debug\formulas\w10-1-直线运动平台（下）_pptx_page_5_formulas.csv
2026-08-05 22:23:38 - MultimodalPreprocessor - INFO - save_formulas:179 - 保存 1 个公式: JSON=output\qwen_qwen3.7-plus_1\debug\formulas\w10-1-直线运动平台（下）_pptx_page_6_formulas.json, CSV=output\qwen_qwen3.7-plus_1\debug\formulas\w10-1-直线运动平台（下）_pptx_page_6_formulas.csv
2026-08-05 22:24:06 - MultimodalPreprocessor - INFO - save_code:318 - 保存代码: w10-1-直线运动平台（下）_pptx_page_6_code_1.cpp + metadata.json
2026-08-05 22:24:28 - MultimodalPreprocessor - INFO - save_code:318 - 保存代码: w10-1-直线运动平台（下）_pptx_page_7_code_1.cpp + metadata.json
2026-08-05 22:26:29 - MultimodalPreprocessor - INFO - save_formulas:179 - 保存 1 个公式: JSON=output\qwen_qwen3.7-plus_1\debug\formulas\w10-1-直线运动平台（下）_pptx_page_11_formulas.json, CSV=output\qwen_qwen3.7-plus_1\debug\formulas\w10-1-直线运动平台（下）_pptx_page_11_formulas.csv
2026-08-05 22:28:11 - MultimodalPreprocessor - INFO - save_formulas:179 - 保存 1 个公式: JSON=output\qwen_qwen3.7-plus_1\debug\formulas\w10-1-直线运动平台（下）_pptx_page_12_formulas.json, CSV=output\qwen_qwen3.7-plus_1\debug\formulas\w10-1-直线运动平台（下）_pptx_page_12_formulas.csv
2026-08-05 22:29:27 - MultimodalPreprocessor - INFO - save_formulas:179 - 保存 1 个公式: JSON=output\qwen_qwen3.7-plus_1\debug\formulas\w10-1-直线运动平台（下）_pptx_page_14_formulas.json, CSV=output\qwen_qwen3.7-plus_1\debug\formulas\w10-1-直线运动平台（下）_pptx_page_14_formulas.csv
2026-08-05 22:30:09 - MultimodalPreprocessor - INFO - save_formulas:179 - 保存 1 个公式: JSON=output\qwen_qwen3.7-plus_1\debug\formulas\w10-1-直线运动平台（下）_pptx_page_15_formulas.json, CSV=output\qwen_qwen3.7-plus_1\debug\formulas\w10-1-直线运动平台（下）_pptx_page_15_formulas.csv
2026-08-05 22:31:38 - MultimodalPreprocessor - INFO - save_formulas:179 - 保存 1 个公式: JSON=output\qwen_qwen3.7-plus_1\debug\formulas\w10-1-直线运动平台（下）_pptx_page_15_formulas.json, CSV=output\qwen_qwen3.7-plus_1\debug\formulas\w10-1-直线运动平台（下）_pptx_page_15_formulas.csv
2026-08-05 22:33:02 - MultimodalPreprocessor - INFO - save_formulas:179 - 保存 1 个公式: JSON=output\qwen_qwen3.7-plus_1\debug\formulas\w10-1-直线运动平台（下）_pptx_page_15_formulas.json, CSV=output\qwen_qwen3.7-plus_1\debug\formulas\w10-1-直线运动平台（下）_pptx_page_15_formulas.csv
2026-08-05 22:33:03 - MultimodalPreprocessor - INFO - finalize:445 - Unified knowledge export completed
2026-08-05 22:33:03 - MultimodalPreprocessor - INFO - save_metadata:342 - 保存元数据: output\qwen_qwen3.7-plus_1\debug\document_metadata\w10-1-直线运动平台（下）_pptx_metadata.json
2026-08-05 22:33:03 - MultimodalPreprocessor - INFO - save_professional_terms:368 - 保存专业术语库: output\qwen_qwen3.7-plus_1\debug\professional_terms_library.json (142 个术语)
2026-08-05 22:33:03 - MultimodalPreprocessor - INFO - process_pptx:572 - PPTX处理完成: w10-1-直线运动平台（下）_pptx
2026-08-05 22:33:03 - Main - INFO - main:655 - 完成处理文件 [4/4]: input\w10-1-直线运动平台（下）.pptx
2026-08-05 22:33:03 - MultimodalPreprocessor - INFO - save_professional_terms:368 - 保存专业术语库: output\qwen_qwen3.7-plus_1\debug\professional_terms_library.json (142 个术语)
